dataset_date,id_left,created_on,operation,property_type,place_name,country_name,state_name,geonames_id,lat_lon,lat_x,lat_x,lat_x,lon_x,lon_x,lon_x,price,currency,price_aprox_local_currency,price_aprox_usd,coordinates,barrio,comuna,AREA,Commune,b_id,Computer Percent,Computer Quantile,Cellular Percent,Cellular Quantile,Rent Percent,Rent Quantile,Immigration Percent,Immigration Quantile,Education Percent,Education Quantile,Owner Percent,Owner Quantile,Regular Percent,Regular Quantile,Uninhabited Percent,Uninhabited Quantile,health_long,health_lat,health_object,health_id,health_name,health_comune,health_distance,property_values_Commune,property_values_Longitude,property_values_Latitude,property_values_Date,property_values_Value in US Dollars,property_values_Value of m2 (US Dollars),property_values_m2,property_values_b_id,property_values_distance,Year,Distance in m,Time Dif,$ Dif,public_wifi_lat,public_wifi_long,public_wifi_id,public_wifi_object,public_wifi_name,public_wifi_comune,public_wifi_distance,sports_long,sports_lat,sports_id,sports_object,sports_name,sports_comune,sports_distance,transportation_long,transportation_lat,transportation_id,transportation_object,transportation_name,transportation_distance
201501,d6b30bd57a5dd82bda0850c92b6c022e7413ae31,42020,sell,apartment,NUNEZ,Argentina,Capital Federal,3430348,"-34.5408967005,-58.4724463229",-34.5408967,-34.5408967,-34.5408967,-58.47244632,-58.47244632,-58.47244632,129000,USD,2228410.5,129000,POINT (-58.47244632 -34.5408967),NUÌÔEZ,13,33805.13,13,2,79,8,89.3,7,22,2,9.3,3,48.3,7,59,5,81,1,7.5,8,-58.47327302,-34.54187599,pharmacy,0,0,13,0.001281574,13,-58.4724468,-34.54089554,42156,699996,3181.8,220,2,0.00000126,2015,0.136272909,136,570996,-34.54188757,-58.4735911,758,public WiFi location,"Metrobus Norte, EstaciÌÄå_n Deheza",13,0.001514053,-58.46366917,-34.54197507,0,sports federation,FederaciÌÄå_n de Cestoball de Capital Federal,13,0.008843144,-58.46149103,-34.6437566,1,premetro station,INTENDENTE SAGUIER,0.103441658
201506,141e74514ae355c4f78ce717a700ae2856eb02c8,42153,sell,apartment,SAAVEDRA,Argentina,Capital Federal,3429422,"-34.5442124868,-58.4789832091",-34.54421249,-34.54421249,-34.54421249,-58.47898321,-58.47898321,-58.47898321,95000,USD,1641077.5,95000,POINT (-58.47898321 -34.54421249),SAAVEDRA,12,79052.56,12,15,78.5,8,87.3,4,21.1,2,7.7,2,38.8,5,65.8,7,86.8,4,2.8,4,-58.4767676,-34.5444906,pharmacy,0,0,12,0.002232995,12,-58.47898345,-34.54421125,42156,280005,1866.7,150,15,0.00000127,2015,0.139622792,3,185005,-34.54409658,-58.47735334,840,public WiFi location,"Parques y Plazas, Plaza BenjamÌÄå_n VicuÌÄå±a Mackenna",12,0.001633982,-58.48358555,-34.54641659,0,sports federation,FederaciÌÄå_n Argentina de Patinaje sobre Hielo,12,0.005102897,-58.46149103,-34.6437566,1,premetro station,INTENDENTE SAGUIER,0.10106931
201507,cc59e0568d17299d55fcf0fd2d57553951649c45,42106,sell,apartment,BELGRANO,Argentina,Capital Federal,3436077,"-34.5576191802,-58.4467492588",-34.55761918,-34.55761918,-34.55761918,-58.44674926,-58.44674926,-58.44674926,85000,USD,1468332.5,85000,POINT (-58.44674926 -34.55761918),BELGRANO,13,15478.63,13,1,74.7,6,87.1,4,36.7,7,10.9,5,52.6,8,54.5,3,91.2,7,2.7,3,-58.44648842,-34.55761469,pharmacy,0,0,13,0.000260877,13,-58.44675046,-34.55761734,42156,2499985.6,3078.8,812,1,0.0000022,2015,0.232242146,50,2414985.6,-34.56125034,-58.44863144,185,public WiFi location,Reina Batata (Infantil),13,0.004089976,-58.4431558,-34.55883885,13,stadium,Coliseo del Bajo Belgrano,13,0.00379481,-58.46149103,-34.6437566,1,premetro station,INTENDENTE SAGUIER,0.087389785
201507,1f0faa30f0e01c2f1ed208a9afd9bdea693e0e34,42156,sell,apartment,COGHLAN,Argentina,Capital Federal,3435359,"-34.5578217424,-58.4776473245",-34.55782174,-34.55782174,-34.55782174,-58.47764732,-58.47764732,-58.47764732,75000,USD,1295587.5,75000,POINT (-58.47764732 -34.55782174),COGHLAN,12,77590.75,12,42,74.3,6,90.5,8,24,3,8.9,3,36.4,5,65.9,7,89.9,6,0.7,0,-58.47937481,-34.55695715,pharmacy,0,0,12,0.001931769,12,-58.47764751,-34.55782005,42156,590007.6,2521.4,234,42,0.00000171,2015,0.188723038,0,515007.6,-34.56494994,-58.47111328,342,public WiFi location,Htal. Pirovano,12,0.009669793,-58.48358555,-34.54641659,0,sports federation,FederaciÌÄå_n Argentina de Patinaje sobre Hielo,12,0.012858462,-58.46149103,-34.6437566,1,premetro station,INTENDENTE SAGUIER,0.08744041
201503,842e4216f54ddc7777742d96723dd86c90e6ff05,42130,sell,PH,VILLA URQUIZA,Argentina,Capital Federal,3433775,"-34.565477111,-58.4872231565",-34.56547711,-34.56547711,-34.56547711,-58.48722316,-58.48722316,-58.48722316,180000,USD,3083850,180000,POINT (-58.48722316 -34.56547711),VILLA URQUIZA,12,73167.25,12,14,75.7,6,87.4,5,20.5,1,7.4,1,37.7,5,63.9,6,84.4,2,3.1,4,-58.486396,-34.56520715,neighborhood medical center,35,CMB NÌâå¡17,12,0.0008701,12,-58.48722297,-34.56547521,42156,235009.2,1169.2,201,14,0.00000191,2015,0.211985301,26,55009.2,-34.5687931,-58.48291743,1326,public WiFi location,Sede de Comuna 12 RC,12,0.00543462,-58.49851028,-34.55310244,15,sports center,SARMIENTO,12,0.016749079,-58.46149103,-34.6437566,1,premetro station,INTENDENTE SAGUIER,0.082400366
201501,4d379f514efced23a00d3a01afc182da0cbed426,42005,sell,apartment,BELGRANO,Argentina,Capital Federal,3436077,"-34.567810719,-58.4489348959",-34.56781072,-34.56781072,-34.56781072,-58.4489349,-58.4489349,-58.4489349,178000,USD,3074861,178000,POINT (-58.44893489999999 -34.56781072),PALERMO,14,8862.125,14,0,79,8,86.2,3,29.5,5,8.6,3,49.5,7,56.7,4,86.2,3,1.3,1,-58.44884093,-34.56819482,pharmacy,0,0,13,0.000395423,14,-58.44893596,-34.56780855,42156,1680008.4,4107.6,409,0,0.00000241,2015,0.260081591,151,1502008.4,-34.5677946,-58.44902817,818,public WiFi location,"Metrobus Norte, EstaciÌÄå_n Zabala",13,0.0000947,-58.44145403,-34.57193188,0,sports federation,AsociaciÌÄå_n Metropolitana de Squash,13,0.008540929,-58.46149103,-34.6437566,1,premetro station,INTENDENTE SAGUIER,0.076976833
201510,14467572b8f56431fd289b24aa93de5fe68c4996,42067,sell,apartment,VILLA URQUIZA,Argentina,Capital Federal,3433775,"-34.5691775495,-58.4798806077",-34.56917755,-34.56917755,-34.56917755,-58.47988061,-58.47988061,-58.47988061,145000,USD,2504802.5,145000,POINT (-58.47988061 -34.56917755),VILLA URQUIZA,12,37931.31,12,14,73.8,6,86.9,4,28.4,4,6.7,1,36.9,5,61.6,6,89.9,6,3.1,4,-58.47907554,-34.57025504,pharmacy,0,0,12,0.001345032,12,-58.47988064,-34.56917549,42156,360010,973,370,14,0.00000206,2015,0.229077825,89,215010,-34.56965107,-58.47710477,854,public WiFi location,"Parques y Plazas, Plaza Paseo de la Paz",12,0.002815935,-58.46386217,-34.5588536,0,sports federation,AsociaciÌÄå_n Metropolitana de Tenis Adaptado,13,0.019057136,-58.46149103,-34.6437566,1,premetro station,INTENDENTE SAGUIER,0.076812829
201510,d75e66050e6f10dfc1b9341b4db213fcc3b3a0f6,42093,sell,apartment,VILLA URQUIZA,Argentina,Capital Federal,3433775,"-34.5700420546,-58.4865468456",-34.57004205,-34.57004205,-34.57004205,-58.48654685,-58.48654685,-58.48654685,149500,USD,2582537.75,149500,POINT (-58.48654685 -34.57004205),VILLA URQUIZA,12,39541.69,12,14,81.3,8,94.1,9,35.4,7,5.3,0,51.5,8,46.4,2,81.8,1,10.3,9,-58.48810157,-34.57321941,pharmacy,0,0,12,0.003537342,12,-58.48654483,-34.57004226,42156,1090000,2725,400,14,0.00000203,2015,0.186422546,63,940500,-34.57191703,-58.48940863,851,public WiFi location,"Parques y Plazas, Plaza EcheverrÌÄå_a",12,0.00342131,-58.49851028,-34.55310244,15,sports center,SARMIENTO,12,0.02073823,-58.46149103,-34.6437566,1,premetro station,INTENDENTE SAGUIER,0.07785646
201502,26713e9d181dd6917f015a2e1081dafea5f87bea,42132,sell,apartment,VILLA URQUIZA,Argentina,Capital Federal,3433775,"-34.5732284393,-58.4823786126",-34.57322844,-34.57322844,-34.57322844,-58.48237861,-58.48237861,-58.48237861,85000,USD,1456262.5,85000,POINT (-58.48237861 -34.57322844),VILLA URQUIZA,12,28052.38,12,14,75.4,6,86.3,3,31.4,6,5.9,0,39.4,5,60.8,5,92.2,8,6.8,8,-58.48042347,-34.57313622,pharmacy,0,0,12,0.001957317,12,-58.48237959,-34.57322501,42156,850001.8,3307.4,257,14,0.00000357,2015,0.391810615,24,765001.8,-34.57617669,-58.48356811,1305,public WiFi location,Teatro 25 de Mayo,12,0.003179169,-58.47677201,-34.5916365,4,sports center,COSTA RICA,15,0.019242936,-58.46149103,-34.6437566,1,premetro station,INTENDENTE SAGUIER,0.073556181
201504,d2585bfbd7abbb12886058c8baabe555e99d90bf,42106,sell,apartment,VILLA URQUIZA,Argentina,Capital Federal,3433775,"-34.5736051243,-58.4806410291",-34.57360512,-34.57360512,-34.57360512,-58.48064103,-58.48064103,-58.48064103,110000,USD,1884575,110000,POINT (-58.48064103 -34.57360512),VILLA URQUIZA,12,31169.13,12,14,78.2,7,91.2,8,36.1,7,7,1,50.9,7,54.3,3,90.4,6,2.9,4,-58.48042347,-34.57313622,pharmacy,0,0,12,0.000516917,12,-58.48064101,-34.57360292,42156,900000,3600,250,14,0.0000022,2015,0.244635486,50,790000,-34.57617669,-58.48356811,1305,public WiFi location,Teatro 25 de Mayo,12,0.003896254,-58.47677201,-34.5916365,4,sports center,COSTA RICA,15,0.018441798,-58.46149103,-34.6437566,1,premetro station,INTENDENTE SAGUIER,0.072718306
201505,0ca522ebfcf6809a710810744c49c895f91c43e6,42200,sell,house,COLEGIALES,Argentina,Capital Federal,3435356,"-34.5790159658,-58.4499167793",-34.57901597,-34.57901597,-34.57901597,-58.44991678,-58.44991678,-58.44991678,360000,USD,6218820,360000,POINT (-58.44991678 -34.57901597),COLEGIALES,13,21940.31,13,28,67.3,3,89.3,7,41.6,8,6,0,37.7,5,43.8,1,85.4,3,7.3,8,-58.44995222,-34.57927332,pharmacy,0,0,13,0.000259778,13,-58.44991773,-34.57901344,42156,379990,1461.5,260,28,0.00000271,2015,0.29446066,-44,19990,-34.57988242,-58.44554566,640,public WiFi location,Polideportivo Colegiales,13,0.004456169,-58.44467414,-34.5794595,3,sports center,COLEGIALES,13,0.005261371,-58.46149103,-34.6437566,1,premetro station,INTENDENTE SAGUIER,0.065767106
201505,32d8b288856de5cdf2d03ebbb82a8142e7f0017e,42222,sell,apartment,VILLA URQUIZA,Argentina,Capital Federal,3433775,"-34.579019693,-58.4838413064",-34.57901969,-34.57901969,-34.57901969,-58.48384131,-58.48384131,-58.48384131,247000,USD,4266801.5,247000,POINT (-58.48384131 -34.57901969),VILLA URQUIZA,12,47956.25,12,14,81.4,9,91.3,8,20.1,1,8.3,2,48.3,7,64.7,7,84.8,3,10.3,9,-58.48235865,-34.57664561,pharmacy,0,0,12,0.002799023,12,-58.48384114,-34.57901733,42156,314995.8,2837.8,111,14,0.00000237,2015,0.262880934,-66,67995.8,-34.57617669,-58.48356811,1305,public WiFi location,Teatro 25 de Mayo,12,0.002856092,-58.47677201,-34.5916365,4,sports center,COSTA RICA,15,0.014462326,-58.46149103,-34.6437566,1,premetro station,INTENDENTE SAGUIER,0.068486509
201507,896bea31403016359cf6a0b8b7dbed66c09cedc7,42146,sell,apartment,PALERMO HOLLYWOOD,Argentina,Capital Federal,0,"-34.5824541959,-58.4273006504",-34.5824542,-34.5824542,-34.5824542,-58.42730065,-58.42730065,-58.42730065,548000,USD,9466426,548000,POINT (-58.42730065 -34.5824542),PALERMO,14,173678.1,14,0,72.4,5,85.7,3,34.7,7,11.5,5,41.3,6,41.2,1,76,0,4.3,6,-58.42931153,-34.58096794,private health center,0,SANATORIO DE LOS ARCOS,14,0.002500516,14,-58.42730233,-34.58245144,42156,1799990.1,5013.9,359,0,0.00000323,2015,0.343279471,10,1251990.1,-34.58186632,-58.43002836,805,public WiFi location,"Metrobus Juan B. Justo, EstaciÌÄå_n Guatemala",14,0.002790346,-58.41947797,-34.58808536,0,sports federation,FederaciÌÄå_n Argentina de Bochas,14,0.009638686,-58.46149103,-34.6437566,1,premetro station,INTENDENTE SAGUIER,0.070192352
201503,5c5e61b7ee5be39cc5c3fd1e5d6236142d89a14f,42106,sell,PH,VILLA URQUIZA,Argentina,Capital Federal,3433775,"-34.5832438182,-58.4693129283",-34.58324382,-34.58324382,-34.58324382,-58.46931293,-58.46931293,-58.46931293,165000,USD,2826862.5,165000,POINT (-58.46931293 -34.58324382),VILLA ORTUZAR,15,72374.63,15,3,71.3,5,87.8,5,27.4,4,10.1,4,27.6,3,60.5,5,87.8,4,0.6,0,-58.46933829,-34.58037705,pharmacy,0,0,15,0.002866879,15,-58.46931304,-34.5832413,42156,649991.2,2218.4,293,3,0.00000252,2015,0.28039187,50,484991.2,-34.58409037,-58.46622901,975,public WiFi location,EstaciÌÄå_n Tronador - LÌÄå_nea B,15,0.003197995,-58.47146975,-34.59190531,26,stadium,Microestadio Malvinas Argentinas,15,0.008925992,-58.46149103,-34.6437566,1,premetro station,INTENDENTE SAGUIER,0.061016213
201511,7bbd379408c478c9dcacd767d2ef0686da789cde,42046,sell,apartment,CHACARITA,Argentina,Capital Federal,3435506,"-34.5837570006,-58.4491116983",-34.583757,-34.583757,-34.583757,-58.4491117,-58.4491117,-58.4491117,75000,USD,1295587.5,75000,POINT (-58.44911170000001 -34.583757),CHACARITA,15,59517.88,15,26,63.6,2,88,5,35.1,7,9.4,4,33.3,4,48.7,2,83.8,2,0.7,0,-58.44718779,-34.58275824,pharmacy,0,0,15,0.002167705,15,-58.44911264,-34.5837543,42156,450008,1730.8,260,26,0.00000285,2015,0.312315404,110,375008,-34.58076305,-58.44552148,728,public WiFi location,"Parques y Plazas, Plaza Mafalda",13,0.004674759,-58.44467414,-34.5794595,3,sports center,COLEGIALES,13,0.006177418,-58.46149103,-34.6437566,1,premetro station,INTENDENTE SAGUIER,0.061263362
201603,1c004420032bcfb636fad4304d5fed0c5d5f1fab,42368,sell,apartment,CAPITAL FEDERAL,Argentina,Capital Federal,3433955,"-34.5847246839,-58.4683530805",-34.58472468,-34.58472468,-34.58472468,-58.46835308,-58.46835308,-58.46835308,75000,USD,1263675,75000,POINT (-58.46835308 -34.58472468),VILLA ORTUZAR,15,72374.63,15,3,71.3,5,87.8,5,27.4,4,10.1,4,27.6,3,60.5,5,87.8,4,0.6,0,-58.46555048,-34.5837101,pharmacy,0,0,15,0.002980593,15,-58.46835339,-34.58472205,42156,389992.5,1733.3,225,3,0.00000264,2015,0.293816158,-212,314992.5,-34.58409037,-58.46622901,975,public WiFi location,EstaciÌÄå_n Tronador - LÌÄå_nea B,15,0.002216755,-58.47146975,-34.59190531,26,stadium,Microestadio Malvinas Argentinas,15,0.007827843,-58.46149103,-34.6437566,1,premetro station,INTENDENTE SAGUIER,0.059429411
201502,8630b6b157f5b39f7c0a4b5486ff10f66168a62d,42156,sell,apartment,PALERMO HOLLYWOOD,Argentina,Capital Federal,0,"-34.5861450698,-58.440303581",-34.58614507,-34.58614507,-34.58614507,-58.44030358,-58.44030358,-58.44030358,158000,USD,2706935,158000,POINT (-58.44030358 -34.58614507),PALERMO,14,99287.56,14,0,67.7,3,87.6,5,38.8,8,18.9,8,34.9,4,48,2,86.8,4,8.6,9,-58.44161714,-34.58637267,community health and action center,31,Centro de Salud Nivel 1 Palermo 3 (CeSAC NÌâå¡ 33),14,0.001333133,14,-58.44030337,-34.58614241,42156,949988.8,3830.6,248,0,0.00000267,2015,0.296402338,0,791988.8,-34.5869884,-58.44125379,1330,public WiFi location,Sede de Comuna 15 RC,15,0.001270474,-58.43887224,-34.59112964,0,sports federation,AsociaciÌÄå_n Metropolitana de Ciclismo,15,0.005186003,-58.46149103,-34.6437566,1,premetro station,INTENDENTE SAGUIER,0.061384007
201505,bf485ae0e7c1006eaa7eff916b00109dc04b047b,42240,sell,apartment,PALERMO HOLLYWOOD,Argentina,Capital Federal,0,"-34.5868778058,-58.4392519177",-34.58687781,-34.58687781,-34.58687781,-58.43925192,-58.43925192,-58.43925192,220000,USD,3800390,220000,POINT (-58.43925192 -34.58687781),PALERMO,14,99287.56,14,0,67.7,3,87.6,5,38.8,8,18.9,8,34.9,4,48,2,86.8,4,8.6,9,-58.43884219,-34.58490533,pharmacy,0,0,14,0.002014582,14,-58.43925316,-34.58687496,42156,749991.2,3768.8,199,0,0.00000311,2015,0.336621785,-84,529991.2,-34.5869884,-58.44125379,1330,public WiFi location,Sede de Comuna 15 RC,15,0.00200492,-58.43887224,-34.59112964,0,sports federation,AsociaciÌÄå_n Metropolitana de Ciclismo,15,0.004268745,-58.46149103,-34.6437566,1,premetro station,INTENDENTE SAGUIER,0.061071881
201511,06f37ea8f6848cad9d6989931a9bd1dbfe938441,42041,sell,apartment,VILLA PUEYRREDON,Argentina,Capital Federal,3429703,"-34.5872062339,-58.5014288725",-34.58720623,-34.58720623,-34.58720623,-58.50142887,-58.50142887,-58.50142887,89000,USD,1537430.5,89000,POINT (-58.50142887 -34.58720623),VILLA PUEYRREDON,12,95801.13,12,16,69.9,4,82.2,0,21.6,2,6.8,1,38.2,5,64.4,7,86,3,2.2,3,-58.50106667,-34.58538377,pharmacy,0,0,12,0.001858104,12,-58.50142807,-34.58720369,42156,1599990.7,2225.3,719,16,0.00000267,2015,0.291775074,115,1510990.7,-34.59078842,-58.5011261,842,public WiFi location,"Parques y Plazas, Plaza MartÌÄå_n RodrÌÄå_guez",12,0.003594967,-58.50082309,-34.58810061,0,sports federation,AsociaciÌÄå_n Metropolitana de Futbol de SalÌÄå_n,12,0.001080224,-58.46149103,-34.6437566,1,premetro station,INTENDENTE SAGUIER,0.069231313
201510,2ad6696571eb70f44b57107d1139cad9bd505e16,42089,sell,store,PALERMO,Argentina,Capital Federal,3430234,"-34.5935285757,-58.42532174",-34.59352858,-34.59352858,-34.59352858,-58.42532174,-58.42532174,-58.42532174,370000,USD,6391565,370000,POINT (-58.42532174 -34.59352858),PALERMO,14,41615.75,14,0,71.3,5,86.9,4,29,5,6.3,0,42.9,6,59,5,88,4,4.8,7,-58.42690751,-34.59243997,pharmacy,0,0,14,0.001923472,14,-58.4253234,-34.59352544,42156,380008.8,1759.3,216,0,0.00000355,2015,0.380782782,67,10008.8,-34.59272656,-58.41994678,1240,public WiFi location,CESAC NÌâå¼ 17,14,0.005434467,-58.41947797,-34.58808536,0,sports federation,FederaciÌÄå_n Argentina de Bochas,14,0.007986126,-58.46149103,-34.6437566,1,premetro station,INTENDENTE SAGUIER,0.061895651
201506,d761bf299ea6dfa9bb9daa4ae14462ea3ab375d6,42107,sell,store,RETIRO,Argentina,Capital Federal,3429576,"-34.5965352239,-58.3797576985",-34.59653522,-34.59653522,-34.59653522,-58.3797577,-58.3797577,-58.3797577,300000,USD,5182350,300000,POINT (-58.37975770000001 -34.59653522),RETIRO,1,18893.75,1,35,75.4,6,90,7,52.5,9,19.2,8,55.6,8,37.1,0,89.6,6,9,9,-58.37864233,-34.59528966,pharmacy,0,0,1,0.001671969,1,-58.37975709,-34.59653139,42156,6999937.2,5150.8,1359,35,0.00000387,2015,0.429520738,49,6699937.2,-34.5959519,-58.37850952,927,public WiFi location,"Espacio PÌÄå¼blico, Esmeralda 1048",1,0.001377754,-58.37827031,-34.5954336,0,sports federation,AsociaciÌÄå_n Metropolitana de Padel,1,0.001850916,-58.45641458,-34.64860054,2,premetro station,BALBASTRO (CEMENTERIO DE FLORES),0.092666473
201511,33e91dae327e217ab9ed7a18a7edf3fccfe749fd,42044,sell,apartment,PALERMO,Argentina,Capital Federal,3430234,"-34.596616247,-58.4186183874",-34.59661625,-34.59661625,-34.59661625,-58.41861839,-58.41861839,-58.41861839,105000,USD,1813822.5,105000,POINT (-58.41861839 -34.59661625),PALERMO,14,37090.5,14,0,79.6,8,88.1,5,39.7,8,9,3,57.1,8,48.4,2,88.1,5,5.7,7,-58.42005562,-34.59576283,pharmacy,0,0,14,0.001671516,14,-58.41862024,-34.59661298,42156,790007.4,2484.3,318,0,0.00000376,2015,0.401103936,112,685007.4,-34.59272656,-58.41994678,1240,public WiFi location,CESAC NÌâå¼ 17,14,0.004110272,-58.41947797,-34.58808536,0,sports federation,FederaciÌÄå_n Argentina de Bochas,14,0.008574083,-58.46149103,-34.6437566,1,premetro station,INTENDENTE SAGUIER,0.063720295
201511,44b840b416423e20ce4e2005a9d8899bc459b4e7,42046,sell,apartment,BARRIO NORTE,Argentina,Capital Federal,3436109,"-34.5966992468,-58.4074708785",-34.59669925,-34.59669925,-34.59669925,-58.40747088,-58.40747088,-58.40747088,250000,USD,4318625,250000,POINT (-58.40747088 -34.59669925),RECOLETA,2,22577.5,2,44,77.7,7,91.2,8,41.2,8,9.3,3,50.8,7,49.7,2,90.9,7,2.9,4,-58.40757768,-34.59671849,pharmacy,0,0,2,0.000108517,2,-58.40747311,-34.59669592,42156,610015,1742.9,350,44,0.000004,2015,0.422812061,110,360015,-34.59902208,-58.41056711,1235,public WiFi location,CESAC NÌâå¼ 11,3,0.003870684,-58.39902914,-34.59949033,5,skate park,Plazoleta Maimonides,3,0.008891181,-58.45641458,-34.64860054,2,premetro station,BALBASTRO (CEMENTERIO DE FLORES),0.071338839
201502,c8608f3c6025fcfbebc2d40836d805f8d084d3d4,42209,sell,apartment,RECOLETA,Argentina,Capital Federal,3429595,"-34.5973411541,-58.3959430051",-34.59734115,-34.59734115,-34.59734115,-58.39594301,-58.39594301,-58.39594301,210000,USD,3597825,210000,POINT (-58.39594301 -34.59734115),RECOLETA,2,19541.25,2,44,76.9,7,88.7,6,34.8,7,9.1,3,63.4,9,51.9,3,86.7,4,7.8,9,-58.39669561,-34.59709479,pharmacy,0,0,2,0.000791901,2,-58.39594239,-34.59733838,42156,850018.4,1379.9,616,44,0.00000284,2015,0.313193989,-53,640018.4,-34.59914062,-58.3981426,170,public WiFi location,Plaza Houssay,3,0.002841884,-58.39902914,-34.59949033,5,skate park,Plazoleta Maimonides,3,0.003760743,-58.45641458,-34.64860054,2,premetro station,BALBASTRO (CEMENTERIO DE FLORES),0.079273805
201511,20b27c6843d7a32ce65608f65ed7e49023195321,42058,sell,apartment,VILLA CRESPO,Argentina,Capital Federal,3427458,"-34.5975633799,-58.4289191162",-34.59756338,-34.59756338,-34.59756338,-58.42891912,-58.42891912,-58.42891912,185000,USD,3195782.5,185000,POINT (-58.42891912 -34.59756338),VILLA CRESPO,15,17918.25,15,6,84.8,9,94,9,27.5,4,10.4,5,51.5,8,56.4,4,83.9,2,3.2,4,-58.43042269,-34.59973393,pharmacy,0,0,15,0.002640461,15,-58.42891942,-34.59756112,42156,419998.6,1764.7,238,6,0.00000228,2015,0.252796101,98,234998.6,-34.59780755,-58.42993128,111,public WiFi location,Julio CortÌÄåÁzar,15,0.001041194,-58.4214467,-34.60526232,0,sports federation,FederaciÌÄå_n Metropolitana de Billar,5,0.010728963,-58.46149103,-34.6437566,1,premetro station,INTENDENTE SAGUIER,0.056522057
201503,b0dcad831fcb80047164ac9ad9a6798718574aff,42229,sell,apartment,PALERMO,Argentina,Capital Federal,3430234,"-34.5979152429,-58.4171490527",-34.59791524,-34.59791524,-34.59791524,-58.41714905,-58.41714905,-58.41714905,176000,USD,3015320,176000,POINT (-58.41714905 -34.59791524),ALMAGRO,5,46567.25,5,12,80.7,8,91.1,8,39.6,8,10.7,5,56,8,39.3,0,78.9,1,7.4,8,-58.41708679,-34.59765874,pharmacy,0,0,14,0.00026395,5,-58.41714861,-34.59791198,42156,2999990,4285.7,700,12,0.00000329,2015,0.36472551,-73,2823990,-34.60125558,-58.4191823,704,public WiFi location,CIM Elvira Rawson,5,0.003910492,-58.4214467,-34.60526232,0,sports federation,FederaciÌÄå_n Metropolitana de Billar,5,0.008511719,-58.46149103,-34.6437566,1,premetro station,INTENDENTE SAGUIER,0.063778065
201504,59d31ca96d52d7b42fb3cc0481014735f0149bfc,42093,sell,house,CAPITAL FEDERAL,Argentina,Capital Federal,3433955,"-34.5983009279,-58.3868217721",-34.59830093,-34.59830093,-34.59830093,-58.38682177,-58.38682177,-58.38682177,580000,USD,9936850,580000,POINT (-58.38682177 -34.59830093),RETIRO,1,14972.25,1,35,73.5,5,87.3,4,28,4,13.8,7,56.4,8,40.2,1,68.3,0,5.8,7,-58.38710974,-34.59843583,pharmacy,0,0,2,0.000318002,1,-58.38682107,-34.59829814,42156,900006.5,4864.9,185,35,0.00000288,2015,0.316780692,63,320006.5,-34.60008745,-58.38702185,186,public WiFi location,Sede de Comuna 1,1,0.001797688,-58.38750548,-34.5985022,0,sports federation,AsociaciÌÄå_n de Patinadores Metropolitanos,2,0.000712723,-58.45641458,-34.64860054,2,premetro station,BALBASTRO (CEMENTERIO DE FLORES),0.0858674
201510,eb97f46cf3d5a490c4f6ad2dc603453705b2b5a9,42091,sell,house,VILLA DEVOTO,Argentina,Capital Federal,3427451,"-34.5991833771,-58.5136349468",-34.59918338,-34.59918338,-34.59918338,-58.51363495,-58.51363495,-58.51363495,570000,USD,9846465,570000,POINT (-58.51363495 -34.59918338),VILLA DEVOTO,11,147224.9,11,23,83.1,9,88.9,6,5.1,0,9.5,4,50,7,79.7,9,84.8,3,3.4,5,-58.51162861,-34.60034726,pharmacy,0,0,11,0.00231949,11,-58.51363365,-34.59918049,42156,1249991.6,2345.2,533,23,0.00000317,2015,0.342674778,65,679991.6,-34.5988015,-58.51270488,916,public WiFi location,"Parques y Plazas, Plaza Arenales 2",11,0.001005419,-58.51375825,-34.59442417,8,sports center,ONEGA,11,0.004760803,-58.46149103,-34.6437566,1,premetro station,INTENDENTE SAGUIER,0.068598539
201511,0469b4a222161be37cf170c8f1c798594eff131c,42047,sell,apartment,ALMAGRO,Argentina,Capital Federal,3436397,"-34.600922687,-58.4192396291",-34.60092269,-34.60092269,-34.60092269,-58.41923963,-58.41923963,-58.41923963,150000,USD,2591175,150000,POINT (-58.41923963 -34.60092269),ALMAGRO,5,18054,5,12,74.9,6,87.3,4,31.1,5,8.6,3,41.3,6,45.8,1,76.9,0,6.6,8,-58.41938281,-34.60315136,pharmacy,0,0,5,0.00223326,5,-58.41924144,-34.60091928,42156,330007.5,1466.7,225,12,0.00000386,2015,0.413785022,109,180007.5,-34.60125558,-58.4191823,704,public WiFi location,CIM Elvira Rawson,5,0.000337787,-58.4214467,-34.60526232,0,sports federation,FederaciÌÄå_n Metropolitana de Billar,5,0.004868628,-58.46149103,-34.6437566,1,premetro station,INTENDENTE SAGUIER,0.060165811
201512,ec2fffe123a8cae43a29f3e0cce817b6e4c967b3,42367,sell,apartment,ALMAGRO,Argentina,Capital Federal,3436397,"-34.60161209,-58.42393875",-34.60161209,-34.60161209,-34.60161209,-58.42393875,-58.42393875,-58.42393875,65000,USD,1113612.5,65000,POINT (-58.42393875 -34.60161209),ALMAGRO,5,20263.63,5,12,76.5,7,89.2,7,33,6,9,3,49.2,7,59.3,5,92.3,8,5.2,7,-58.42396029,-34.60304719,pharmacy,0,0,5,0.001435266,5,-58.42392732,-34.60161389,42156,930009.6,1684.8,552,12,0.0000116,2015,1.065125376,-211,865009.6,-34.60316597,-58.42096841,245,public WiFi location,EstaciÌÄå_n Medrano - LÌÄå_nea B,5,0.003352237,-58.4214467,-34.60526232,0,sports federation,FederaciÌÄå_n Metropolitana de Billar,5,0.00441978,-58.46149103,-34.6437566,1,premetro station,INTENDENTE SAGUIER,0.056447618
201501,f921cd878df739b2c649316f024f07b63012d626,42015,sell,apartment,VILLA CRESPO,Argentina,Capital Federal,3427458,"-34.6016632477,-58.4335992065",-34.60166325,-34.60166325,-34.60166325,-58.43359921,-58.43359921,-58.43359921,137000,USD,2366606.5,137000,POINT (-58.43359921 -34.60166325),VILLA CRESPO,15,24031.13,15,6,73.3,5,87.2,4,32.5,6,10.2,4,44.1,6,52.6,3,85.1,3,1.2,1,-58.43483078,-34.60067358,pharmacy,0,0,15,0.001579944,15,-58.43360054,-34.60165989,42156,469993.5,1362.3,345,6,0.00000362,2015,0.392945568,141,332993.5,-34.6021593,-58.43127627,968,public WiFi location,EstaciÌÄå_n Angel Gallardo - Linea B,5,0.002375311,-58.43396649,-34.6075823,4,skate park,Parque Centenario,6,0.005930431,-58.46149103,-34.6437566,1,premetro station,INTENDENTE SAGUIER,0.050495582
201510,74a91199932914e86b4b804e64dc9d0a23a14ed6,42046,sell,apartment,VILLA CRESPO,Argentina,Capital Federal,3427458,"-34.601760119,-58.4334099715",-34.60176012,-34.60176012,-34.60176012,-58.43340997,-58.43340997,-58.43340997,120000,USD,2072940,120000,POINT (-58.43340997 -34.60176012),VILLA CRESPO,15,15201.75,15,6,79.4,8,89.2,7,28.7,5,8,2,50,7,55.9,4,84.6,2,9.7,9,-58.431806,-34.60188827,pharmacy,0,0,5,0.001609078,15,-58.4334113,-34.60175676,42156,2000005,5714.3,350,6,0.00000362,2015,0.392945524,110,1880005,-34.6021593,-58.43127627,968,public WiFi location,EstaciÌÄå_n Angel Gallardo - Linea B,5,0.002170717,-58.43396649,-34.6075823,4,skate park,Parque Centenario,6,0.005848714,-58.46149103,-34.6437566,1,premetro station,INTENDENTE SAGUIER,0.050519801
201510,db8c8daa51bf58adf329a547c27462e769b6276a,42089,sell,apartment,BALVANERA,Argentina,Capital Federal,6693228,"-34.6019840271,-58.4049376794",-34.60198403,-34.60198403,-34.60198403,-58.40493768,-58.40493768,-58.40493768,390000,USD,6737055,390000,POINT (-58.40493768 -34.60198403),BALVANERA,3,33795.38,3,4,60.8,1,84.9,2,39.7,8,17.9,8,31.7,4,46.9,2,86.6,4,3.8,5,-58.40461739,-34.60199972,pharmacy,0,0,3,0.000320673,3,-58.40494001,-34.60198074,42156,1249998.6,6281.4,199,4,0.00000403,2015,0.423450845,67,859998.6,-34.60449095,-58.40545332,407,public WiFi location,EstaciÌÄå_n Corrientes - LÌÄå_nea H,3,0.002559402,-58.39902914,-34.59949033,5,skate park,Plazoleta Maimonides,3,0.006413218,-58.45641458,-34.64860054,2,premetro station,BALBASTRO (CEMENTERIO DE FLORES),0.06944761
201510,ec40644be49898c1f6c4d94179ed3a5c8db60453,42058,sell,apartment,PARQUE CENTENARIO,Argentina,Capital Federal,0,"-34.6024434782,-58.4344499947",-34.60244348,-34.60244348,-34.60244348,-58.43444999,-58.43444999,-58.43444999,220000,USD,3800390,220000,POINT (-58.43444999 -34.60244348),VILLA CRESPO,15,11357.25,15,6,70.3,4,85.7,3,38.2,7,8.5,3,36.3,5,23.9,0,62.1,0,4.4,6,-58.43455081,-34.60409499,pharmacy,0,0,6,0.001654583,15,-58.43445031,-34.60244105,42156,470003.5,2292.7,205,6,0.00000245,2015,0.271786135,98,250003.5,-34.60427964,-58.43302972,710,public WiFi location,SeÌÄå±alamiento Luminoso,6,0.002321349,-58.43396649,-34.6075823,4,skate park,Parque Centenario,6,0.005161514,-58.46149103,-34.6437566,1,premetro station,INTENDENTE SAGUIER,0.049376024
201505,af6686f3811702d1533765379b82bc2f69359a79,42243,sell,apartment,VILLA CRESPO,Argentina,Capital Federal,3427458,"-34.602806937,-58.4255007878",-34.60280694,-34.60280694,-34.60280694,-58.42550079,-58.42550079,-58.42550079,225000,USD,3886762.5,225000,POINT (-58.42550079 -34.60280694),ALMAGRO,5,26076.25,5,12,75.4,6,90.9,8,31.6,6,9.3,3,46.2,7,54.1,3,85.6,3,2.1,2,-58.4264422,-34.60244423,pharmacy,0,0,5,0.001008861,5,-58.42550038,-34.6028037,42156,3000036,3846.2,780,12,0.00000327,2015,0.362220289,-87,2775036,-34.60316597,-58.42096841,245,public WiFi location,EstaciÌÄå_n Medrano - LÌÄå_nea B,5,0.004546582,-58.4214467,-34.60526232,0,sports federation,FederaciÌÄå_n Metropolitana de Billar,5,0.004739673,-58.46149103,-34.6437566,1,premetro station,INTENDENTE SAGUIER,0.054517631
201510,922449b960787d04bb1ea743aecafe8b2a8778b7,42058,sell,PH,ONCE,Argentina,Capital Federal,3430291,"-34.6032539816,-58.4063903567",-34.60325398,-34.60325398,-34.60325398,-58.40639036,-58.40639036,-58.40639036,95000,USD,1641077.5,95000,POINT (-58.40639036 -34.60325398),BALVANERA,3,15034,3,4,68.2,3,88.1,5,40.8,8,21.2,8,32.8,4,49.5,2,90.4,6,5.1,7,-58.40656207,-34.60460522,pharmacy,0,0,3,0.001362103,3,-58.40639257,-34.60325044,42156,4999950,3075,1626,4,0.00000418,2015,0.442557979,98,4904950,-34.60449095,-58.40545332,407,public WiFi location,EstaciÌÄå_n Corrientes - LÌÄå_nea H,3,0.00155182,-58.39902914,-34.59949033,5,skate park,Plazoleta Maimonides,3,0.008267563,-58.45641458,-34.64860054,2,premetro station,BALBASTRO (CEMENTERIO DE FLORES),0.067518393
201510,2ff1c92b9e3dc18733a67338990190751b2a9bb0,42046,sell,apartment,ALMAGRO,Argentina,Capital Federal,3436397,"-34.6043585306,-58.4257701008",-34.60435853,-34.60435853,-34.60435853,-58.4257701,-58.4257701,-58.4257701,145000,USD,2504802.5,145000,POINT (-58.4257701 -34.60435853),ALMAGRO,5,25021.25,5,12,70.3,4,86.2,3,41.9,8,13.3,6,38.1,5,43,1,84.9,3,6,8,-58.42450198,-34.60406966,pharmacy,0,0,5,0.001300603,5,-58.42577166,-34.60435504,42156,339999.3,1988.3,171,12,0.00000382,2015,0.413501609,110,194999.3,-34.6066149,-58.4214257,1223,public WiFi location,CESAC NÌâå¼ 38,5,0.004895406,-58.4214467,-34.60526232,0,sports federation,FederaciÌÄå_n Metropolitana de Billar,5,0.004416853,-58.46149103,-34.6437566,1,premetro station,INTENDENTE SAGUIER,0.053180757
201511,4696375af8b180b40ab0e779aba968136a651ba6,42058,sell,PH,ALMAGRO,Argentina,Capital Federal,3436397,"-34.6043998537,-58.4332190929",-34.60439985,-34.60439985,-34.60439985,-58.43321909,-58.43321909,-58.43321909,88000,USD,1520156,88000,POINT (-58.43321909 -34.60439985),CABALLITO,6,48859.63,6,11,73.7,6,88.8,6,18.7,1,8.3,2,41.4,6,71.6,8,90.3,6,2.7,3,-58.43278093,-34.60436944,private health center,0,CLINICA DE LA CIUDAD,6,0.000439218,6,-58.43322041,-34.6043964,42156,549990,2444.4,225,11,0.00000369,2015,0.402195645,98,461990,-34.60427964,-58.43302972,710,public WiFi location,SeÌÄå±alamiento Luminoso,6,0.000224301,-58.43396649,-34.6075823,4,skate park,Parque Centenario,6,0.003269032,-58.46149103,-34.6437566,1,premetro station,INTENDENTE SAGUIER,0.048458811
201504,e286bb317baa49e1bf4e5a8c8a24158ebb34d398,42104,sell,apartment,BALVANERA,Argentina,Capital Federal,6693228,"-34.6045805653,-58.4054768081",-34.60458057,-34.60458057,-34.60458057,-58.40547681,-58.40547681,-58.40547681,215000,USD,3683487.5,215000,POINT (-58.40547681 -34.60458057),BALVANERA,3,28118.63,3,4,65.3,2,86.2,3,33.3,6,16.4,7,33,4,48.6,2,81.9,1,8.6,9,-58.40512021,-34.60409676,pharmacy,0,0,3,0.000601029,3,-58.40547904,-34.60457697,42156,1900012.5,5066.7,375,4,0.00000424,2015,0.449329453,52,1685012.5,-34.60458102,-58.4053978,57,public WiFi location,EstaciÌÄå_n PueyrredÌÄå_n - LÌÄå_nea B,3,0.000079,-58.39845381,-34.60585401,0,sports federation,FederaciÌÄå_n Argentina de Centros Comunitarios Macabeos,3,0.007137519,-58.45641458,-34.64860054,2,premetro station,BALBASTRO (CEMENTERIO DE FLORES),0.067323209
201511,14d7c9b6bfe0209589f1cf868c32497d5fbc4f68,42058,sell,apartment,ALMAGRO,Argentina,Capital Federal,3436397,"-34.6045826273,-58.4244011698",-34.60458263,-34.60458263,-34.60458263,-58.42440117,-58.42440117,-58.42440117,189000,USD,3264880.5,189000,POINT (-58.42440117 -34.60458263),ALMAGRO,5,25021.25,5,12,70.3,4,86.2,3,41.9,8,13.3,6,38.1,5,43,1,84.9,3,6,8,-58.42450198,-34.60406966,pharmacy,0,0,5,0.000522783,5,-58.42440278,-34.60457913,42156,499996.8,3086.4,162,12,0.00000386,2015,0.416143507,98,310996.8,-34.6066149,-58.4214257,1223,public WiFi location,CESAC NÌâå¼ 38,5,0.003603267,-58.4214467,-34.60526232,0,sports federation,FederaciÌÄå_n Metropolitana de Billar,5,0.003031642,-58.46149103,-34.6437566,1,premetro station,INTENDENTE SAGUIER,0.053946805
201510,950e6cf2243fd69c24433adc03cced20b290fd88,42089,sell,apartment,BALVANERA,Argentina,Capital Federal,6693228,"-34.6045947322,-58.4079723212",-34.60459473,-34.60459473,-34.60459473,-58.40797232,-58.40797232,-58.40797232,119000,USD,2055665.5,119000,POINT (-58.40797232 -34.60459473),BALVANERA,3,13604.25,3,4,66.5,3,86.8,4,38.5,8,16,7,40.5,6,49.8,2,88.3,5,8.2,9,-58.40656207,-34.60460522,pharmacy,0,0,3,0.001410292,3,-58.40797452,-34.60459127,42156,465004.8,1987.2,234,4,0.0000041,2015,0.434238223,67,346004.8,-34.60338472,-58.40935964,443,public WiFi location,Pasaje Carlos Gardel,3,0.001840866,-58.41601647,-34.60671461,0,sports federation,FederaciÌÄå_n PorteÌÄå±a de PatÌÄå_n,5,0.008318788,-58.45641458,-34.64860054,2,premetro station,BALBASTRO (CEMENTERIO DE FLORES),0.065445887
201511,5c6df311458ce051d1922a60ef1d547f50f891d3,42046,sell,apartment,VILLA CRESPO,Argentina,Capital Federal,3427458,"-34.6059097019,-58.4603445216",-34.6059097,-34.6059097,-34.6059097,-58.46034452,-58.46034452,-58.46034452,129800,USD,2242230.1,129800,POINT (-58.46034452 -34.6059097),CABALLITO,6,36852.38,6,11,69,4,79.7,0,32.2,6,9.9,4,25.7,2,50.1,2,82.3,1,2.6,3,-58.46018558,-34.60543428,hospital,15,HOSPITAL OFTALMOLOGICO DR. PEDRO LAGLEYZE,11,0.00050129,6,-58.46034493,-34.60590633,42156,220007,1419.4,155,11,0.0000034,2015,0.376600673,110,90207,-34.60559737,-58.46008809,1273,public WiFi location,HOSPITAL PEDRO LAGLEYSE,11,0.000404109,-58.45118218,-34.61286688,0,sports federation,FederaciÌÄå_n Metropolitana de  Pelota,6,0.011504381,-58.46149103,-34.6437566,1,premetro station,INTENDENTE SAGUIER,0.037864259
201511,526ea386dacab7758bc31d076150c61ab97d485c,42058,sell,apartment,ALMAGRO,Argentina,Capital Federal,3436397,"-34.6060479989,-58.4246136671",-34.606048,-34.606048,-34.606048,-58.42461367,-58.42461367,-58.42461367,59500,USD,1027832.75,59500,POINT (-58.42461367 -34.606048),ALMAGRO,5,87632.63,5,12,66.3,3,87.8,5,47.4,9,12.8,6,36.7,5,35.7,0,83.2,2,9.2,9,-58.42469723,-34.60584302,pharmacy,0,0,5,0.000221357,5,-58.42461526,-34.60604445,42156,296998.8,2020.4,147,12,0.00000389,2015,0.420710095,98,237498.8,-34.6066149,-58.4214257,1223,public WiFi location,CESAC NÌâå¼ 38,5,0.003237979,-58.4214467,-34.60526232,0,sports federation,FederaciÌÄå_n Metropolitana de Billar,5,0.003262971,-58.46149103,-34.6437566,1,premetro station,INTENDENTE SAGUIER,0.052743514
201510,e2ffe5951b1082b9641ee15102dc02f359a29edd,42091,sell,store,VILLA DEVOTO,Argentina,Capital Federal,3427451,"-34.6073782514,-58.5141375419",-34.60737825,-34.60737825,-34.60737825,-58.51413754,-58.51413754,-58.51413754,400000,ARS,732971.89,42430.86,POINT (-58.51413754 -34.60737825),VILLA DEVOTO,11,22031.75,11,23,69.4,4,86.8,4,33.8,6,5.4,0,32.8,4,47.3,2,81.1,1,4.5,6,-58.51528304,-34.6081855,pharmacy,0,0,11,0.001401365,11,-58.51413617,-34.60737509,42156,500001.6,2717.4,184,23,0.00000344,2015,0.373076065,65,457570.74,-34.60836465,-58.51599502,1325,public WiFi location,Sede de Comuna 11 RC,11,0.002103142,-58.51569183,-34.61328693,17,stadium,Estadio Enrique Sexto,11,0.006109693,-58.46149103,-34.6437566,1,premetro station,INTENDENTE SAGUIER,0.063992489
201505,f6596c2d70872e7ef9de8b8022e0800261f69882,42228,sell,apartment,CABALLITO,Argentina,Capital Federal,3435874,"-34.6088100548,-58.4302917206",-34.60881005,-34.60881005,-34.60881005,-58.43029172,-58.43029172,-58.43029172,135000,USD,2332057.5,135000,POINT (-58.43029172 -34.60881005),ALMAGRO,5,28979.38,5,12,66.5,3,83.1,1,25.4,3,7.9,2,41.4,6,62.5,6,87.9,4,8.6,9,-58.43029761,-34.60890759,pharmacy,0,0,5,0.0000977,5,-58.43029141,-34.60880642,42156,699998,2692.3,260,12,0.00000364,2015,0.404633079,-72,564998,-34.60881103,-58.43119772,1335,public WiFi location,Sede de Comuna 6 RC,6,0.000906004,-58.43396649,-34.6075823,4,skate park,Parque Centenario,6,0.003874439,-58.46149103,-34.6437566,1,premetro station,INTENDENTE SAGUIER,0.046847181
201511,b55d745d225bff4074d98acbcbf1811c055c2b53,42058,sell,apartment,ALMAGRO,Argentina,Capital Federal,3436397,"-34.6101423068,-58.4213203996",-34.61014231,-34.61014231,-34.61014231,-58.4213204,-58.4213204,-58.4213204,180000,USD,3109410,180000,POINT (-58.42132040000001 -34.61014231),ALMAGRO,5,38995.75,5,12,70.8,4,88.1,5,25.9,3,8.9,3,40.1,5,46.1,1,72,0,2.3,3,-58.42139526,-34.61056428,pharmacy,0,0,5,0.000428561,5,-58.42132207,-34.61013861,42156,849990,2833.3,300,12,0.00000406,2015,0.438891073,98,669990,-34.61177216,-58.42181336,1094,public WiFi location,EstaciÌÄå_n Castro Barros - Linea A,5,0.001702767,-58.4214467,-34.60526232,0,sports federation,FederaciÌÄå_n Metropolitana de Billar,5,0.004881627,-58.45641458,-34.64860054,2,premetro station,BALBASTRO (CEMENTERIO DE FLORES),0.05206378
201505,74b13d645b1420d0fc186419cff92c189900b521,42125,sell,apartment,BALVANERA,Argentina,Capital Federal,6693228,"-34.6110185486,-58.4014529999",-34.61101855,-34.61101855,-34.61101855,-58.401453,-58.401453,-58.401453,130000,USD,2245685,130000,POINT (-58.401453 -34.61101855),BALVANERA,3,15242.75,3,4,64.2,2,84.1,1,37.2,7,15.1,7,34.3,4,48.9,2,86.2,3,5.1,7,-58.40188805,-34.6100634,pharmacy,0,0,3,0.001049566,3,-58.40145254,-34.61101454,42156,800016.4,1834.9,436,4,0.00000404,2015,0.447874129,31,670016.4,-34.60982971,-58.40120747,1082,public WiFi location,EstaciÌÄå_n Alberti - Linea A,3,0.001213931,-58.39845381,-34.60585401,0,sports federation,FederaciÌÄå_n Argentina de Centros Comunitarios Macabeos,3,0.005972234,-58.45641458,-34.64860054,2,premetro station,BALBASTRO (CEMENTERIO DE FLORES),0.066582141
201504,f63cc4a94d6dfdae20909f1969320846a4d9abd3,42093,sell,apartment,CAPITAL FEDERAL,Argentina,Capital Federal,3433955,"-34.6112062839,-58.3873502055",-34.61120628,-34.61120628,-34.61120628,-58.38735021,-58.38735021,-58.38735021,240000,USD,4111800,240000,POINT (-58.38735021 -34.61120628),MONSERRAT,1,49815.63,1,0,61,1,88.6,6,47.5,9,17.9,8,34.9,4,43.4,1,90.9,7,7.4,8,-58.38725453,-34.611792,pharmacy,0,0,1,0.000593481,1,-58.38734951,-34.61120336,42156,900026,1454,619,36,0.000003,2015,0.33094825,63,660026,-34.61221948,-58.38583036,711,public WiFi location,Agencia de ProtecciÌÄå_n Ambiental,1,0.001826612,-58.38678547,-34.6113122,0,sports federation,FederaciÌÄå_n Argentina de TriatlÌÄå_n,1,0.00057459,-58.4466067,-34.66222495,4,premetro station,FERNANDEZ DE LA CRUZ,0.078193583
201503,0f7b576ca75bff6a05dfe814e18c75b032aebba9,42243,sell,store,PATERNAL,Argentina,Capital Federal,3430087,"-34.6131002497,-58.4710188608",-34.61310025,-34.61310025,-34.61310025,-58.47101886,-58.47101886,-58.47101886,470000,USD,8052275,470000,POINT (-58.47101886 -34.61310025),VILLA GRAL. MITRE,11,49009.5,11,0,63.5,2,88.2,6,25.1,3,9.1,3,24.3,2,65.8,7,90.9,7,1.2,1,-58.46897598,-34.61170659,pharmacy,0,0,11,0.002472981,11,-58.47101893,-34.61309731,42156,549979.2,1185.3,464,7,0.00000294,2015,0.326975566,-87,79979.2,-34.61382388,-58.47225278,821,public WiFi location,"Metrobus Juan B. Justo, EstaciÌÄå_n Artigas",11,0.001430456,-58.4730282,-34.60627641,8,stadium,Diego Armando Maradona,11,0.007113528,-58.46149103,-34.6437566,1,premetro station,INTENDENTE SAGUIER,0.03210282
201506,ff78673f644a0c1f4b9c0532e12f3126a2e77517,42122,sell,apartment,CABALLITO,Argentina,Capital Federal,3435874,"-34.6151012848,-58.4407602486",-34.61510128,-34.61510128,-34.61510128,-58.44076025,-58.44076025,-58.44076025,95000,USD,1641077.5,95000,POINT (-58.44076025 -34.61510128),CABALLITO,6,26957.69,6,11,80.3,8,90.1,7,24.3,3,5.5,0,49.1,7,67,7,91.3,7,3.6,5,-58.4393359,-34.61478297,pharmacy,0,0,6,0.001459483,6,-58.44076106,-34.61509846,42156,1689996,5451.6,310,11,0.00000293,2015,0.322211497,34,1594996,-34.62040429,-58.44117694,1108,public WiFi location,EstaciÌÄå_n Primera Junta - Linea A,6,0.005319355,-58.44768748,-34.61858404,9,stadium,Arquitecto Ricardo Etcheverri,6,0.00775346,-58.46149103,-34.6437566,1,premetro station,INTENDENTE SAGUIER,0.035367961
201505,8a62bc19cfef817c9675323b112b6f076f84ea35,42215,sell,house,ALMAGRO,Argentina,Capital Federal,3436397,"-34.6156040065,-58.4141911223",-34.61560401,-34.61560401,-34.61560401,-58.41419112,-58.41419112,-58.41419112,275000,USD,4750487.5,275000,POINT (-58.41419112 -34.61560401),ALMAGRO,5,40767.13,5,12,67.2,3,88.6,6,49.4,9,17,8,25.8,2,42.4,1,91.7,8,0.9,1,-58.41417781,-34.61570315,pharmacy,0,0,5,0.000100029,5,-58.41419077,-34.61559996,42156,275009,1155.5,238,12,0.00000407,2015,0.451476617,-59,9,-34.61822398,-58.41354041,421,public WiFi location,Centro de DÌÄå_a Nro. 17,5,0.002699568,-58.41680411,-34.61353699,0,sports federation,FederaciÌÄå_n Atletica Metropolitana,5,0.003331708,-58.45641458,-34.64860054,2,premetro station,BALBASTRO (CEMENTERIO DE FLORES),0.053587236
201505,2a13ad82542f515b3aa2a160a3b39482e710759c,42188,sell,store,BALVANERA,Argentina,Capital Federal,6693228,"-34.6159917463,-58.4057885429",-34.61599175,-34.61599175,-34.61599175,-58.40578854,-58.40578854,-58.40578854,92000,USD,1589254,92000,POINT (-58.40578854 -34.61599175),BALVANERA,3,16922.25,3,4,64.9,2,85.6,3,27.7,4,10.6,5,29.6,3,57.4,4,85.1,3,7.3,8,-58.40487899,-34.61607708,pharmacy,0,0,3,0.00091354,3,-58.40579068,-34.61598777,42156,150001.2,877.2,171,4,0.00000452,2015,0.483948365,-32,58001.2,-34.61524469,-58.40473774,624,public WiFi location,EstaciÌÄå_n Venezuela - LÌÄå_nea H,3,0.001289291,-58.40080143,-34.61822689,0,sports federation,AsociaciÌÄå_n Femenina Metropolitana de Basquet,3,0.005465082,-58.45641458,-34.64860054,2,premetro station,BALBASTRO (CEMENTERIO DE FLORES),0.060219012
201503,49224b7b83decfbee23f04d51e8ea9bb1f23d996,42165,sell,apartment,VILLA SANTA RITA,Argentina,Capital Federal,6693230,"-34.6165677784,-58.4774428246",-34.61656778,-34.61656778,-34.61656778,-58.47744282,-58.47744282,-58.47744282,125900,USD,2156981.75,125900,POINT (-58.47744282 -34.61656778),VILLA SANTA RITA,11,56086.5,11,31,73.9,6,89.7,7,21,2,13.9,7,29.8,3,68.4,8,89.4,6,5.1,7,-58.4760952,-34.61779315,pharmacy,0,0,11,0.001821426,11,-58.4774426,-34.61656414,42156,650019.6,1501.2,433,31,0.00000365,2015,0.405249571,-9,524119.6,-34.61810186,-58.47609605,823,public WiFi location,"Metrobus Juan B. Justo, EstaciÌÄå_n Av. Nazca",11,0.002041374,-58.48417957,-34.61549731,0,sports federation,FederaciÌÄå_n Argentina de Deportes para personas con Discapacidad Mental,11,0.006821272,-58.46149103,-34.6437566,1,premetro station,INTENDENTE SAGUIER,0.031522868
201506,ee7a4bbfb42d5834f7fc4a68118f88125e7f28f5,42186,sell,apartment,CABALLITO,Argentina,Capital Federal,3435874,"-34.6175151448,-58.4537360842",-34.61751514,-34.61751514,-34.61751514,-58.45373608,-58.45373608,-58.45373608,84900,USD,1466605.05,84900,POINT (-58.45373608 -34.61751514),CABALLITO,6,68539.38,6,11,77.8,7,92.2,9,25.1,3,11.4,5,37.7,5,61.4,6,86.5,3,0.8,0,-58.4562421,-34.61586519,pharmacy,0,0,6,0.003000413,6,-58.45373663,-34.61751136,42156,430011.6,1004.7,428,11,0.00000382,2015,0.423319088,-30,345111.6,-34.61773881,-58.45251888,124,public WiFi location,Museo Luis Perlotti,6,0.001237576,-58.45723074,-34.61918718,0,sports federation,FederaciÌÄå_n Argentina de Futbol Silencioso,7,0.003874064,-58.46149103,-34.6437566,1,premetro station,INTENDENTE SAGUIER,0.027363359
201507,54f210800e881ac53fcacafc6b52dd6176a39e38,42156,sell,apartment,FLORES,Argentina,Capital Federal,3433918,"-34.6199178143,-58.4696755642",-34.61991781,-34.61991781,-34.61991781,-58.46967556,-58.46967556,-58.46967556,110000,USD,1900195,110000,POINT (-58.46967556 -34.61991781),FLORES,7,56918.13,7,19,66.6,3,83.8,1,30.8,5,18.5,8,27.2,3,57,4,87.7,4,2.6,3,-58.46904549,-34.6175813,pharmacy,0,0,11,0.002419975,7,-58.46967557,-34.61991402,42156,369996.4,1412.2,262,19,0.00000379,2015,0.421429409,0,259996.4,-34.62412557,-58.46947603,496,public WiFi location,Htal. Alvarez,7,0.004212492,-58.45723074,-34.61918718,0,sports federation,FederaciÌÄå_n Argentina de Futbol Silencioso,7,0.012466249,-58.46149103,-34.6437566,1,premetro station,INTENDENTE SAGUIER,0.025204647
201505,721b37d57fb18e0e71a7b725c70b0533a6ac2876,42210,sell,apartment,CONSTITUCION,Argentina,Capital Federal,3435257,"-34.6208434131,-58.3800361931",-34.62084341,-34.62084341,-34.62084341,-58.38003619,-58.38003619,-58.38003619,80000,USD,1381960,80000,POINT (-58.38003619 -34.62084341),CONSTITUCION,1,50720.13,1,38,73.7,6,84.9,2,49.5,9,13.4,6,47.6,7,22.6,0,72,0,10.4,9,-58.38266399,-34.61962001,pharmacy,0,0,1,0.002898623,1,-58.38003915,-34.62083915,42156,989991,3123,317,38,0.00000518,2015,0.545660554,-54,909991,-34.62191247,-58.37992276,1001,public WiFi location,EstaciÌÄå_n San Juan - Linea C,1,0.001075064,-58.37255449,-34.62233459,0,sports federation,FederaciÌÄå_n Metropolitana de Gimnasia,1,0.007628853,-58.4466067,-34.66222495,4,premetro station,FERNANDEZ DE LA CRUZ,0.078384086
201503,ad028fbfe24747572f6352ac44caff0750042107,42106,sell,apartment,CABALLITO,Argentina,Capital Federal,3435874,"-34.6212194731,-58.4560693453",-34.62121947,-34.62121947,-34.62121947,-58.45606935,-58.45606935,-58.45606935,320000,USD,5482400,320000,POINT (-58.45606935 -34.62121947),FLORES,7,35417.63,6,19,64.3,2,85,2,35.2,7,19.3,8,30.2,3,49.3,2,84.6,2,2,2,-58.455866,-34.62094051,pharmacy,0,0,6,0.000345211,7,-58.45606928,-34.62121645,42156,1230000.2,3262.6,377,19,0.00000302,2015,0.335869479,50,910000.2,-34.62206755,-58.45656679,904,public WiFi location,"Parques y Plazas, Plaza del Angel Gris",7,0.000983202,-58.45723074,-34.61918718,0,sports federation,FederaciÌÄå_n Argentina de Futbol Silencioso,7,0.002340732,-58.46149103,-34.6437566,1,premetro station,INTENDENTE SAGUIER,0.023180094
201501,06a424f48e220b56e79c5defd310ddfcd4a4cace,42033,sell,PH,SAN CRISTOBAL,Argentina,Capital Federal,3429153,"-34.6217212892,-58.4061205472",-34.62172129,-34.62172129,-34.62172129,-58.40612055,-58.40612055,-58.40612055,139000,USD,2401155.5,139000,POINT (-58.40612055 -34.62172129),SAN CRISTOBAL,3,37702.5,3,5,63.7,2,88.5,6,40,8,14.7,7,28.1,3,50,2,90,6,8.9,9,-58.40727358,-34.62130363,pharmacy,0,0,3,0.001226347,3,-58.40612263,-34.62171713,42156,379990.8,1241.8,306,5,0.00000466,2015,0.500196779,123,240990.8,-34.62386576,-58.40293753,1060,public WiFi location,EstaciÌÄå_n Jujuy - Linea E,3,0.003838013,-58.40857677,-34.62608528,7,sports center,MARTIN FIERRO,3,0.005007733,-58.45641458,-34.64860054,2,premetro station,BALBASTRO (CEMENTERIO DE FLORES),0.057026168
201511,fa33af391c31ea5086da002da2a5e38fa1ffa8c4,42058,sell,house,CABALLITO,Argentina,Capital Federal,3435874,"-34.6240564004,-58.4432900717",-34.6240564,-34.6240564,-34.6240564,-58.44329007,-58.44329007,-58.44329007,380000,USD,6564310,380000,POINT (-58.44329007 -34.6240564),CABALLITO,6,20970.19,6,11,83.7,9,90.7,8,16.3,0,5.9,0,52,8,75.2,9,91.5,7,3.7,5,-58.44430192,-34.62240634,pharmacy,0,0,6,0.001935596,6,-58.44328999,-34.62405229,42156,390004.3,3644.9,107,11,0.00000412,2015,0.457069384,98,10004.3,-34.62040429,-58.44117694,1108,public WiFi location,EstaciÌÄå_n Primera Junta - Linea A,6,0.004219386,-58.44768748,-34.61858404,9,stadium,Arquitecto Ricardo Etcheverri,6,0.007020252,-58.46149103,-34.6437566,1,premetro station,INTENDENTE SAGUIER,0.026821128
201505,fe1a88f2b968ea3dce4fe1a4f738aa81bd2605af,42194,sell,PH,CAPITAL FEDERAL,Argentina,Capital Federal,3433955,"-34.6280186417,-58.4066175531",-34.62801864,-34.62801864,-34.62801864,-58.40661755,-58.40661755,-58.40661755,130000,USD,2245685,130000,POINT (-58.40661755 -34.62801864),SAN CRISTOBAL,3,48729.75,3,5,62,2,83.5,1,37.7,7,12.6,6,19.2,1,52.2,3,89.9,6,4,6,-58.40853848,-34.62939987,pharmacy,0,0,3,0.002365954,3,-58.40661958,-34.62801427,42156,319986,735.6,435,5,0.00000482,2015,0.520210595,-38,189986,-34.63117874,-58.40723779,787,public WiFi location,"Metrobus Sur Fernandez de la Cruz, EstaciÌÄå_n La Rioja",4,0.003220392,-58.40857677,-34.62608528,7,sports center,MARTIN FIERRO,3,0.002752529,-58.4466067,-34.66222495,4,premetro station,FERNANDEZ DE LA CRUZ,0.052623226
201502,8308a4410e6dde676c0e51136293e5b16e3a4752,42257,sell,apartment,CABALLITO,Argentina,Capital Federal,3435874,"-34.6287493537,-58.429209806",-34.62874935,-34.62874935,-34.62874935,-58.42920981,-58.42920981,-58.42920981,122000,USD,2090165,122000,POINT (-58.42920981 -34.62874935),PARQUE CHACABUCO,7,62134.75,7,9,72.5,5,90.2,8,28.3,4,9.1,3,29.7,3,58.3,5,86.6,4,3.5,5,-58.42974129,-34.62976849,neighborhood medical center,16,CMB NÌâå¡ 23,7,0.001149396,7,-58.42920949,-34.62874625,42156,420007.5,1866.7,225,9,0.00000311,2015,0.345945219,-101,298007.5,-34.62979479,-58.42970614,644,public WiFi location,CMB NÌâå¼ 23,7,0.001157276,-58.4168478,-34.6196634,0,sports federation,FederaciÌÄå_n Metropolitana de Balonmano,5,0.015341899,-58.45641458,-34.64860054,2,premetro station,BALBASTRO (CEMENTERIO DE FLORES),0.033677432
201504,50dad37c4cb176209347f373aebaf605b9e1469e,42220,sell,apartment,FLORES,Argentina,Capital Federal,3433918,"-34.6308112942,-58.4649608765",-34.63081129,-34.63081129,-34.63081129,-58.46496088,-58.46496088,-58.46496088,87000,USD,1490527.5,87000,POINT (-58.46496088 -34.63081129),FLORES,7,20139.5,7,19,61.6,1,86.5,4,44.8,9,12.1,6,28.2,3,46.8,2,91.6,7,2.5,3,-58.46408562,-34.63083894,pharmacy,0,0,7,0.000875697,7,-58.46496096,-34.63080712,42156,589992,1934.4,305,19,0.00000417,2015,0.463740221,-64,502992,-34.63024984,-58.46693822,439,public WiFi location,Sede de Comuna 7,7,0.002055506,-58.46512011,-34.64121301,0,sports federation,FederaciÌÄå_n Metropolitana de Bowling,7,0.010402942,-58.46149103,-34.6437566,1,premetro station,INTENDENTE SAGUIER,0.013402269
201502,f2f14f1444ad8b8ca9c20b1d42eff56764a8b627,42217,sell,apartment,FLORES,Argentina,Capital Federal,3433918,"-34.6334986231,-58.4652965255",-34.63349862,-34.63349862,-34.63349862,-58.46529653,-58.46529653,-58.46529653,56000,USD,959420,56000,POINT (-58.46529653 -34.63349862),FLORES,7,35581.31,7,19,75,6,87.1,4,27,4,10.1,4,31,4,61.2,6,88.2,5,3.8,5,-58.46700777,-34.6329992,pharmacy,0,0,7,0.001782629,7,-58.46529614,-34.63349535,42156,299991.6,1063.8,282,19,0.00000329,2015,0.36535368,-61,243991.6,-34.63024984,-58.46693822,439,public WiFi location,Sede de Comuna 7,7,0.00364002,-58.46512011,-34.64121301,0,sports federation,FederaciÌÄå_n Metropolitana de Bowling,7,0.007716411,-58.46149103,-34.6437566,1,premetro station,INTENDENTE SAGUIER,0.01094111
201511,2d10d1053b502f83b37f740e61672144b3dad1bd,42058,sell,house,FLORESTA,Argentina,Capital Federal,3433910,"-34.6345678853,-58.474570712",-34.63456789,-34.63456789,-34.63456789,-58.47457071,-58.47457071,-58.47457071,260000,USD,4491370,260000,POINT (-58.47457071 -34.63456789),FLORESTA,10,56719.88,10,8,55.8,1,85.9,3,44,8,21,8,22.4,2,44,1,87.9,4,8,9,-58.473132,-34.63186081,pharmacy,0,0,7,0.003065639,10,-58.47457006,-34.63456449,42156,299990.2,1485.1,202,8,0.00000346,2015,0.382711037,98,39990.2,-34.63070706,-58.46963965,544,public WiFi location,Espacio Subte Digital San Pedrito - LÌÄå_nea A,7,0.006262695,-58.47429723,-34.64600803,1,sports center,AVELLANEDA,9,0.011443413,-58.46149103,-34.6437566,1,premetro station,INTENDENTE SAGUIER,0.015984688
201509,043e9d0ce8d0ebb309ba384c41e217c084c2909e,42119,sell,store,VELEZ SARSFIELD,Argentina,Capital Federal,3427528,"-34.6352807454,-58.4875078267",-34.63528075,-34.63528075,-34.63528075,-58.48750783,-58.48750783,-58.48750783,390000,USD,6737055,390000,POINT (-58.48750783 -34.63528075),VELEZ SARSFIELD,10,64096.88,10,0,66.2,3,87.8,5,37.8,7,19.6,8,26,2,47,2,84.8,3,5.4,7,-58.48747668,-34.63498613,pharmacy,0,0,10,0.00029626,10,-58.48750713,-34.63527654,42156,390006.4,1741.1,224,22,0.00000427,2015,0.472490636,37,6.4,-34.63178207,-58.48344021,1324,public WiFi location,Sede de Comuna 10,10,0.005365285,-58.48825443,-34.62211312,0,sports federation,FederaciÌÄå_n Argentina de Netball,10,0.013188777,-58.46149103,-34.6437566,1,premetro station,INTENDENTE SAGUIER,0.027362632
201507,c7fcbdbeeaafe22f7b3466122f01e24ec3cad860,42095,sell,apartment,MATADEROS,Argentina,Capital Federal,3430787,"-34.6535141187,-58.5069387873",-34.65351412,-34.65351412,-34.65351412,-58.50693879,-58.50693879,-58.50693879,146900,USD,2537624.05,146900,POINT (-58.50693879 -34.65351412),MATADEROS,9,61595.56,9,18,63.7,2,81.7,0,23.7,3,8.8,3,18,1,66.1,7,89.8,6,3.3,5,-58.50538931,-34.65397927,pharmacy,0,0,9,0.001617792,9,-58.50693732,-34.6535094,42156,650016,1354.2,480,18,0.00000494,2015,0.54178978,61,503116,-34.65504833,-58.50634446,1228,public WiFi location,CESAC NÌâå¼ 4,9,0.0016453,-58.50143778,-34.66022353,2,skate park,Plaza Alberdi,9,0.008676246,-58.46149103,-34.6437566,1,premetro station,INTENDENTE SAGUIER,0.046483413
201511,4af4d6d8d56bdb14960840985b216cf035fd849f,42062,sell,apartment,MATADEROS,Argentina,Capital Federal,3430787,"-34.6558617675,-58.5172342204",-34.65586177,-34.65586177,-34.65586177,-58.51723422,-58.51723422,-58.51723422,125000,USD,2159312.5,125000,POINT (-58.51723422 -34.65586177),MATADEROS,9,54620.81,9,18,74,6,84.3,1,20.2,1,8.7,3,23.7,2,75.6,9,95.9,9,4.9,7,-58.51679898,-34.65281048,pharmacy,0,0,9,0.003082171,9,-58.5172324,-34.65585702,42156,197000,985,200,18,0.00000508,2015,0.553788332,94,72000,-34.64935792,-58.51580229,1181,public WiFi location,Hospital Santojanni - CE,9,0.006659618,-58.51315335,-34.64619445,11,sports center,SANTOJANNI,9,0.010493357,-58.46692344,-34.68088292,14,premetro station,ANA DÌÄåAZ,0.056189259
201608,9c6c5930a7b1b4f7fd364395d4f55cefa30ace70,42577,sell,apartment,CONGRESO,Argentina,Capital Federal,3435259,"-34.6085949731,-58.3833645954",-34.60859497,-34.60859497,-34.60859497,-58.3833646,-58.3833646,-58.3833646,540000,USD,8622990,540000,POINT (-58.38336460000001 -34.60859497),MONSERRAT,1,36586.38,1,36,49.2,0,86.8,4,59.3,9,20.1,8,31.2,4,20.1,0,79.4,1,8.8,9,-58.38371352,-34.60902989,pharmacy,0,0,1,0.000557586,1,-58.38336386,-34.60859208,42733,850002.4,2514.8,338,36,0.00000298,2016,0.328411858,156,310002.4,-34.6090961,-58.38223339,1024,public WiFi location,EstaciÌÄå_n Lima - Linea A,1,0.001237245,-58.3842719,-34.61229343,0,sports federation,FederaciÌÄå_n Argentina de Tiro con Arco,1,0.00380812,-58.4466067,-34.66222495,4,premetro station,FERNANDEZ DE LA CRUZ,0.082920071
201701,25857c19d3eea4baac400d97050a9820d5c1cc1a,42660,sell,apartment,PALERMO,Argentina,Capital Federal,3430234,"-34.5853703737,-58.4414321354",-34.58537037,-34.58537037,-34.58537037,-58.44143214,-58.44143214,-58.44143214,131000,USD,2091873.5,131000,POINT (-58.44143214 -34.58537037),PALERMO,14,99287.56,14,0,67.7,3,87.6,5,38.8,8,18.9,8,34.9,4,48,2,86.8,4,8.6,9,-58.44161714,-34.58637267,community health and action center,31,Centro de Salud Nivel 1 Palermo 3 (CeSAC NÌâå¡ 33),14,0.001019232,14,-58.44143193,-34.58536772,42733,930001.2,4345.8,214,0,0.00000266,2016,0.295292751,73,799001.2,-34.58645293,-58.4417242,1256,public WiFi location,CESAC NÌâå¼ 33,14,0.001121266,-58.43887224,-34.59112964,0,sports federation,AsociaciÌÄå_n Metropolitana de Ciclismo,15,0.006302556,-58.46149103,-34.6437566,1,premetro station,INTENDENTE SAGUIER,0.061735814
201610,2933bb4eb2c0d921709833fdd78fb039eb2eed93,42671,sell,apartment,PALERMO,Argentina,Capital Federal,3430234,"-34.5762789054,-58.4351533376",-34.57627891,-34.57627891,-34.57627891,-58.43515334,-58.43515334,-58.43515334,122000,USD,1948157,122000,POINT (-58.43515334 -34.57627891),PALERMO,14,42350.5,14,0,85.7,9,91.8,9,34.8,7,8.2,2,61.3,9,55.9,4,90.6,7,10.4,9,-58.43716538,-34.57433363,pharmacy,0,0,14,0.002798645,14,-58.43515308,-34.57627634,42732,560008.9,2994.7,187,0,0.00000258,2016,0.286760432,61,438008.9,-34.5751745,-58.43500869,1090,public WiFi location,EstaciÌÄå_n Ministro Carranza - LÌÄå_nea D,14,0.001113839,-58.44145403,-34.57193188,0,sports federation,AsociaciÌÄå_n Metropolitana de Squash,13,0.007654755,-58.46149103,-34.6437566,1,premetro station,INTENDENTE SAGUIER,0.072435574
201608,c7e6eed60e4d59e051235e13c354ae60420bbb8b,42588,sell,apartment,MONTE CASTRO,Argentina,Capital Federal,3430596,"-34.6207865723,-58.5053911812",-34.62078657,-34.62078657,-34.62078657,-58.50539118,-58.50539118,-58.50539118,73000,USD,1165700.5,73000,POINT (-58.50539118 -34.62078657),MONTE CASTRO,10,81732.75,10,33,64.1,2,80.6,0,26.9,4,13.6,7,24.3,2,63,6,90,6,2.5,3,-58.5066499,-34.62042904,pharmacy,0,0,10,0.001308513,10,-58.50539157,-34.62078355,42732,530020.8,1226.9,432,33,0.00000304,2016,0.337699355,144,457020.8,-34.61861106,-58.50806726,894,public WiFi location,"Parques y Plazas, Plaza MonseÌÄå±or FermÌÄå_n Lafitte",10,0.003448809,-58.49784493,-34.61652606,10,stadium,Estadio Islas Malvinas,10,0.0086659,-58.46149103,-34.6437566,1,premetro station,INTENDENTE SAGUIER,0.049546391
201608,83b1d3105bcc46b66cb49008d4c635392687bd7e,42586,sell,apartment,VILLA CRESPO,Argentina,Capital Federal,3427458,"-34.5945966369,-58.4420458576",-34.59459664,-34.59459664,-34.59459664,-58.44204586,-58.44204586,-58.44204586,140000,USD,2235590,140000,POINT (-58.44204586 -34.59459664),VILLA CRESPO,15,45161.19,15,6,72.8,5,87.3,4,36.7,7,9,3,34.3,4,52.8,3,89.5,6,3.1,4,-58.44177482,-34.59277558,pharmacy,0,0,15,0.001841121,15,-58.44204566,-34.59459389,42733,1000004,1886.8,530,6,0.00000276,2016,0.306333302,147,860004,-34.59476403,-58.44430015,81,public WiFi location,"Metrobus Juan B. Justo, EstaciÌÄå_n Av. Corrientes",15,0.0022605,-58.43936134,-34.59399267,0,sports federation,FederaciÌÄå_n Metropolitana de Arte Marcial Chino Wu Shu,15,0.002751622,-58.46149103,-34.6437566,1,premetro station,INTENDENTE SAGUIER,0.052866021
201609,1c1c7f195f10ade378e08ff556992650bad8b3e6,42621,sell,apartment,VILLA CRESPO,Argentina,Capital Federal,3427458,"-34.6036899747,-58.4534144798",-34.60368997,-34.60368997,-34.60368997,-58.45341448,-58.45341448,-58.45341448,65000,USD,1037952.5,65000,POINT (-58.45341448 -34.60368997),VILLA CRESPO,15,33618.19,15,6,75,6,89.4,7,23.3,2,8.9,3,33,4,65.8,7,89,5,3,4,-58.4534886,-34.60563758,pharmacy,0,0,15,0.001949018,15,-58.45341439,-34.60368713,42733,250009.6,822.4,304,6,0.00000284,2016,0.315900737,112,185009.6,-34.60012,-58.45205313,816,public WiFi location,"Metrobus Juan B. Justo, EstaciÌÄå_n Av. Honorio Pueyrredon",15,0.003820725,-58.45118218,-34.61286688,0,sports federation,FederaciÌÄå_n Metropolitana de  Pelota,6,0.009444515,-58.46149103,-34.6437566,1,premetro station,INTENDENTE SAGUIER,0.04087255
201608,4c50968ca35054d69406ea07b19311a7388585d3,42576,sell,house,VILLA DEVOTO,Argentina,Capital Federal,3427451,"-34.6050453422,-58.5142285986",-34.60504534,-34.60504534,-34.60504534,-58.5142286,-58.5142286,-58.5142286,1590000,USD,25389915,1590000,POINT (-58.5142286 -34.60504534),VILLA DEVOTO,11,70371.63,11,23,78,7,86.2,3,17,0,5.3,0,42.7,6,76.6,9,93.6,9,2.6,3,-58.51280528,-34.60671683,pharmacy,0,0,11,0.002195384,11,-58.51422907,-34.60504249,42733,1649983.2,1306.4,1263,23,0.00000289,2016,0.319811368,157,59983.2,-34.60821333,-58.51608274,188,public WiFi location,Sede de Comuna 11,11,0.003670697,-58.51569183,-34.61328693,17,stadium,Estadio Enrique Sexto,11,0.008370478,-58.46149103,-34.6437566,1,premetro station,INTENDENTE SAGUIER,0.065420274
201612,afcc212c37cb2db07305c5f49b290c7c70b94609,42644,sell,apartment,RECOLETA,Argentina,Capital Federal,3429595,"-34.6017416277,-58.3879242199",-34.60174163,-34.60174163,-34.60174163,-58.38792422,-58.38792422,-58.38792422,250000,USD,3992125,250000,POINT (-58.38792422 -34.60174163),SAN NICOLAS,1,30467.63,1,43,78.3,7,88.2,6,50,9,13,6,44,6,28.9,0,78.9,1,5.5,7,-58.38776732,-34.60305101,pharmacy,0,0,1,0.001318748,1,-58.38792353,-34.6017388,42733,1849999.5,2418.3,765,43,0.00000291,2016,0.320955942,89,1599999.5,-34.60008745,-58.38702185,186,public WiFi location,Sede de Comuna 1,1,0.001884298,-58.38895781,-34.60279453,0,sports federation,FederaciÌÄå_n de NataciÌÄå_n de Buenos Aires,1,0.001475436,-58.45641458,-34.64860054,2,premetro station,BALBASTRO (CEMENTERIO DE FLORES),0.082986067
201702,6116c64e9af801f62bcefc023916d580bf64a194,42717,sell,apartment,BALVANERA,Argentina,Capital Federal,6693228,"-34.613982,-58.4098726",-34.613982,-34.613982,-34.613982,-58.4098726,-58.4098726,-58.4098726,65000,USD,1037952.5,65000,POINT (-58.4098726 -34.613982),BALVANERA,3,33791.63,3,4,47.5,0,87.5,5,59.8,9,22.8,9,20.5,1,34.1,0,93.9,9,3.9,5,-58.40884846,-34.613688,pharmacy,0,0,3,0.001065506,3,-58.40987982,-34.61397225,42726,5199953.2,1694.9,3068,4,0.0000121,2016,1.269621095,9,5134953.2,-34.61209258,-58.41168173,705,public WiFi location,CIM Margarita Malharro,3,0.002615885,-58.41476701,-34.60978183,0,sports federation,FederaciÌÄå_n Metropolitana de Voley,5,0.006449552,-58.45641458,-34.64860054,2,premetro station,BALBASTRO (CEMENTERIO DE FLORES),0.058005168
201610,95eceb2c7d145dd5cc982c0aa8ceb1a65b193f67,42629,sell,apartment,PARQUE CENTENARIO,Argentina,Capital Federal,0,"-34.6074354,-58.4314539",-34.6074354,-34.6074354,-34.6074354,-58.4314539,-58.4314539,-58.4314539,109000,USD,1740566.5,109000,POINT (-58.4314539 -34.6074354),CABALLITO,6,40286.13,6,11,77.7,7,88.3,6,31.8,6,7.2,1,43,6,56.8,4,88.6,5,4.5,6,-58.43075814,-34.60856038,pharmacy,0,0,6,0.001322748,6,-58.4314651,-34.60744748,42730,524998,2282.6,230,11,0.0000165,2016,1.689662242,101,415998,-34.60881103,-58.43119772,1335,public WiFi location,Sede de Comuna 6 RC,6,0.001399278,-58.43396649,-34.6075823,4,skate park,Parque Centenario,6,0.002516876,-58.46149103,-34.6437566,1,premetro station,INTENDENTE SAGUIER,0.047132354
201611,298a47547a90b02571851ea15e7e13229a2f453a,42697,sell,apartment,CABALLITO,Argentina,Capital Federal,3435874,"-34.6172568327,-58.4567099545",-34.61725683,-34.61725683,-34.61725683,-58.45670995,-58.45670995,-58.45670995,115000,USD,1836377.5,115000,POINT (-58.45670995 -34.61725683),CABALLITO,6,61639.56,6,11,79.6,8,90.8,8,24.5,3,8.4,2,40.5,6,69.6,8,94,9,3.6,5,-58.4562421,-34.61586519,pharmacy,0,0,6,0.001468179,6,-58.45670989,-34.61725385,42733,750006.4,1802.9,416,11,0.00000298,2016,0.331406088,36,635006.4,-34.61559818,-58.45652299,436,public WiFi location,Plaza Irlanda - Centro de Jubilados,6,0.001669158,-58.45723074,-34.61918718,0,sports federation,FederaciÌÄå_n Argentina de Futbol Silencioso,7,0.001999369,-58.46149103,-34.6437566,1,premetro station,INTENDENTE SAGUIER,0.026927615
201701,3fc16e4581ca40f6bb84de262063389d1ba58b38,42660,sell,apartment,CABALLITO,Argentina,Capital Federal,3435874,"-34.6110497867,-58.4430194451",-34.61104979,-34.61104979,-34.61104979,-58.44301945,-58.44301945,-58.44301945,110000,USD,1756535,110000,POINT (-58.44301945 -34.61104979),CABALLITO,6,58751.81,6,11,74.2,6,88.2,6,23.6,2,9.9,4,40.3,5,66.1,7,89.8,6,9.3,9,-58.44280625,-34.61070849,pharmacy,0,0,6,0.000402418,6,-58.44301926,-34.61104687,42733,669994,5153.8,130,11,0.00000293,2016,0.325154172,73,559994,-34.60887512,-58.43788724,1164,public WiFi location,Hospital Durand - Guardia,6,0.005573936,-58.44209006,-34.60386741,0,sports federation,FederaciÌÄå_n de Tenis de Mesa de la Ciudad de Buenos Aires,15,0.007242263,-58.46149103,-34.6437566,1,premetro station,INTENDENTE SAGUIER,0.03756241
201609,44709020341c28d8ef214dc939375eae9d1568c2,42629,sell,apartment,CABALLITO,Argentina,Capital Federal,3435874,"-34.6208255,-58.4293098",-34.6208255,-34.6208255,-34.6208255,-58.4293098,-58.4293098,-58.4293098,94000,USD,1501039,94000,POINT (-58.4293098 -34.6208255),CABALLITO,6,21423.13,6,11,72.9,5,83.6,1,23.4,2,6,0,44.1,6,64.3,7,87.8,4,1.9,2,-58.42928663,-34.62096088,pharmacy,0,0,6,0.000137348,6,-58.42930692,-34.6208275,42730,800013.5,2388.1,335,11,0.00000351,2016,0.344831019,101,706013.5,-34.61767287,-58.4329228,855,public WiFi location,"Parques y Plazas, Parque Rivadavia",6,0.004795081,-58.4168478,-34.6196634,0,sports federation,FederaciÌÄå_n Metropolitana de Balonmano,5,0.012516068,-58.45641458,-34.64860054,2,premetro station,BALBASTRO (CEMENTERIO DE FLORES),0.038808789
201608,133b3884ab91c447323d00d08b348c53715f6057,42581,sell,apartment,ALMAGRO,Argentina,Capital Federal,3436397,"-34.6172728064,-58.4154107113",-34.61727281,-34.61727281,-34.61727281,-58.41541071,-58.41541071,-58.41541071,110000,USD,1756535,110000,POINT (-58.41541071 -34.61727281),ALMAGRO,5,31379.5,5,12,67.5,3,85.5,2,33.3,6,11.2,5,34.4,4,54.6,3,87.9,4,3.2,4,-58.41654085,-34.6183247,pharmacy,0,0,5,0.001543916,5,-58.41541027,-34.61726982,42733,699975,1372.5,510,12,0.00000302,2016,0.334901779,152,589975,-34.61822398,-58.41354041,421,public WiFi location,Centro de DÌÄå_a Nro. 17,5,0.00209827,-58.4168478,-34.6196634,0,sports federation,FederaciÌÄå_n Metropolitana de Balonmano,5,0.002789287,-58.45641458,-34.64860054,2,premetro station,BALBASTRO (CEMENTERIO DE FLORES),0.051601785
201608,e45b471e360809042b58af0bf855f19032991ee3,42595,sell,apartment,PALERMO,Argentina,Capital Federal,3430234,"-34.5882317013,-58.4393772213",-34.5882317,-34.5882317,-34.5882317,-58.43937722,-58.43937722,-58.43937722,143000,USD,2283495.5,143000,POINT (-58.43937722 -34.5882317),CHACARITA,15,75915.06,15,26,71.7,5,89.1,6,24.5,3,10.5,5,29.8,3,50.9,2,75.5,0,1.7,2,-58.44118168,-34.58941191,neighborhood medical center,33,CMB NÌâå¡ 34,15,0.002156151,15,-58.439377,-34.58822902,42733,900000,3600,250,26,0.00000269,2016,0.298681883,138,757000,-34.58942547,-58.44116706,657,public WiFi location,CMB NÌâå¼ 34,15,0.002151419,-58.43887224,-34.59112964,0,sports federation,AsociaciÌÄå_n Metropolitana de Ciclismo,15,0.002941604,-58.46149103,-34.6437566,1,premetro station,INTENDENTE SAGUIER,0.059766504
201704,dbdd35fc13a3176291a3cd8e7c87512f74117012,42684,sell,apartment,PALERMO,Argentina,Capital Federal,3430234,"-34.5854395485,-58.4435971557",-34.58543955,-34.58543955,-34.58543955,-58.44359716,-58.44359716,-58.44359716,60000,USD,958110,60000,POINT (-58.44359716 -34.58543955),CHACARITA,15,42869.81,15,26,75.5,6,87.3,4,24.5,3,12.2,6,37.9,5,48.2,2,72.7,0,9.7,9,-58.44347113,-34.58519443,pharmacy,0,0,14,0.000275624,15,-58.44359697,-34.58543689,42733,449897.5,4127.5,109,26,0.00000266,2016,0.296289232,49,389897.5,-34.58645293,-58.4417242,1256,public WiFi location,CESAC NÌâå¼ 33,14,0.002129538,-58.44467414,-34.5794595,3,sports center,COLEGIALES,13,0.006076257,-58.46149103,-34.6437566,1,premetro station,INTENDENTE SAGUIER,0.061000563
201609,069cd3be635e736d23c46d4ad52eb0702492a151,42624,sell,apartment,SAN TELMO,Argentina,Capital Federal,3428113,"-34.6236205012,-58.3796860308",-34.6236205,-34.6236205,-34.6236205,-58.37968603,-58.37968603,-58.37968603,165000,USD,2634802.5,165000,POINT (-58.37968603 -34.6236205),CONSTITUCION,1,42723.5,1,38,59.6,1,89.5,7,49.5,9,13.4,6,33.1,4,38.2,0,87.6,4,5.9,8,-58.37839332,-34.623766,pharmacy,0,0,1,0.001300874,1,-58.37968526,-34.62361745,42733,1200000,2000,600,38,0.00000314,2016,0.346385615,109,1035000,-34.62191247,-58.37992276,1001,public WiFi location,EstaciÌÄå_n San Juan - Linea C,1,0.001724354,-58.37255449,-34.62233459,0,sports federation,FederaciÌÄå_n Metropolitana de Gimnasia,1,0.00724654,-58.4466067,-34.66222495,4,premetro station,FERNANDEZ DE LA CRUZ,0.077257232
201609,ffa3683bf8b47439c0f9c143b6b282155d6c8d04,42629,sell,PH,VILLA URQUIZA,Argentina,Capital Federal,3433775,"-34.5638563074,-58.4933025992",-34.56385631,-34.56385631,-34.56385631,-58.4933026,-58.4933026,-58.4933026,198000,USD,3161763,198000,POINT (-58.49330260000001 -34.56385631),VILLA URQUIZA,12,85214.19,12,14,71.9,5,87.8,5,21.8,2,9.1,3,31.4,4,68.3,8,90.1,6,5.5,7,-58.49407599,-34.56727916,pharmacy,0,0,12,0.003509138,12,-58.49330287,-34.56385387,42733,500011,934.6,535,14,0.00000245,2016,0.272439518,104,302011,-34.57191703,-58.48940863,851,public WiFi location,"Parques y Plazas, Plaza EcheverrÌÄå_a",12,0.008951997,-58.49851028,-34.55310244,15,sports center,SARMIENTO,12,0.011948462,-58.46149103,-34.6437566,1,premetro station,INTENDENTE SAGUIER,0.086000184
201607,7e307bbb4e441e134a497d975c0cc289b45d2f47,42577,sell,house,VILLA ORTUZAR,Argentina,Capital Federal,3427387,"-34.5788105,-58.4672338",-34.5788105,-34.5788105,-34.5788105,-58.4672338,-58.4672338,-58.4672338,650000,USD,10379525,650000,POINT (-58.4672338 -34.5788105),VILLA ORTUZAR,15,47144.81,15,3,81,8,91.3,8,29,5,10,4,48.6,7,52.3,3,81.3,1,2.7,3,-58.46971982,-34.57897231,pharmacy,0,0,15,0.002491278,15,-58.46722393,-34.57882329,42733,980010,2177.8,450,3,0.0000162,2016,1.684970382,156,330010,-34.58056409,-58.46414185,664,public WiFi location,Servicio Social Zonal 12,15,0.003554612,-58.47146975,-34.59190531,26,stadium,Microestadio Malvinas Argentinas,15,0.013762899,-58.46149103,-34.6437566,1,premetro station,INTENDENTE SAGUIER,0.065199501
201609,8606ae5ee548f45276341f0e4db2917a7cfcb8cc,42628,sell,apartment,VILLA DEL PARQUE,Argentina,Capital Federal,3427455,"-34.602358444,-58.49070537",-34.60235844,-34.60235844,-34.60235844,-58.49070537,-58.49070537,-58.49070537,96500,USD,1540960.25,96500,POINT (-58.49070537 -34.60235844),VILLA DEL PARQUE,11,36631.69,11,29,62.2,2,78.3,0,27.3,4,9.7,4,32.8,4,62,6,89.3,6,3.8,5,-58.48966972,-34.6014948,pharmacy,0,0,11,0.001348498,11,-58.49070562,-34.60235561,42731,459993.6,3194.4,144,29,0.00000284,2016,0.315512173,103,363493.6,-34.60532997,-58.49310352,847,public WiFi location,"Parques y Plazas, Plaza AristÌÄå_bulo del Valle 1",11,0.003818528,-58.48845769,-34.59414146,16,stadium,Alfredo Ramos,15,0.008518853,-58.46149103,-34.6437566,1,premetro station,INTENDENTE SAGUIER,0.050668381
201608,5810a4c29c16ffeaf5b7fc14d4f025ffeaa907fa,42588,sell,apartment,SAN TELMO,Argentina,Capital Federal,3428113,"-34.623025829,-58.372706731",-34.62302583,-34.62302583,-34.62302583,-58.37270673,-58.37270673,-58.37270673,112000,USD,1788472,112000,POINT (-58.37270673 -34.62302583),SAN TELMO,1,18558.5,1,41,66.4,3,83.4,1,36.4,7,7.9,2,36.4,5,44.3,1,80.7,1,5.7,7,-58.37338315,-34.62209383,pharmacy,0,0,1,0.001151595,1,-58.3727059,-34.62302279,42733,949992,1376.8,690,41,0.00000316,2016,0.346459048,145,837992,-34.62189328,-58.37072283,1309,public WiFi location,Museo de Arte Moderno (MAMBA),1,0.002284412,-58.37255449,-34.62233459,0,sports federation,FederaciÌÄå_n Metropolitana de Gimnasia,1,0.0007078,-58.4466067,-34.66222495,4,premetro station,FERNANDEZ DE LA CRUZ,0.083652716
201608,da8224651a99481bee4bef3e17d02ceabfd4baba,42605,sell,apartment,SAN TELMO,Argentina,Capital Federal,3428113,"-34.6231638805,-58.3740562791",-34.62316388,-34.62316388,-34.62316388,-58.37405628,-58.37405628,-58.37405628,180000,USD,2874330,180000,POINT (-58.37405628 -34.62316388),SAN TELMO,1,34716.5,1,41,72.9,5,86.2,3,26.2,3,11.5,5,36.7,5,56,4,82.2,1,2.8,4,-58.37338315,-34.62209383,pharmacy,0,0,1,0.001264159,1,-58.37405546,-34.62316084,42733,850010,1214.3,700,41,0.00000315,2016,0.346259587,128,670010,-34.62478209,-58.37619995,420,public WiFi location,Centro de DÌÄå_a Nro. 19,1,0.002685881,-58.37255449,-34.62233459,0,sports federation,FederaciÌÄå_n Metropolitana de Gimnasia,1,0.001715539,-58.4466067,-34.66222495,4,premetro station,FERNANDEZ DE LA CRUZ,0.082397397
201612,3dda50b90117f55d491f0f881ca3dbeadfe01447,42700,sell,apartment,NUNEZ,Argentina,Capital Federal,3430348,"-34.5442035608,-58.4611105774",-34.54420356,-34.54420356,-34.54420356,-58.46111058,-58.46111058,-58.46111058,258000,USD,4119873,258000,POINT (-58.46111058 -34.54420356),NUÌÔEZ,13,46340.19,13,2,79.9,8,90.6,8,22.9,2,6.6,1,53.8,8,65.8,7,88.7,5,5.2,7,-58.45951945,-34.54519561,pharmacy,0,0,13,0.00187506,13,-58.46111056,-34.54420133,42732,800000,1000,800,2,0.00000223,2016,0.247971243,32,542000,-34.55172677,-58.46315912,647,public WiFi location,CMB NÌâå¼ 26,13,0.007797131,-58.46192653,-34.54117746,12,stadium,Juan Pasquale,13,0.003134179,-58.46149103,-34.6437566,1,premetro station,INTENDENTE SAGUIER,0.099553764
201701,7ec3d6b3086d7089b6042be7a86e095fb73ea0b3,42687,sell,apartment,VILLA DEL PARQUE,Argentina,Capital Federal,3427455,"-34.6145439,-58.479047",-34.6145439,-34.6145439,-34.6145439,-58.479047,-58.479047,-58.479047,84000,USD,1341354,84000,POINT (-58.479047 -34.6145439),VILLA SANTA RITA,11,38046.88,11,31,67.9,3,86.8,4,29.8,5,12,6,25.3,2,56,4,85.8,3,2.8,4,-58.48058164,-34.61279315,pharmacy,0,0,11,0.00232814,11,-58.47904798,-34.61454894,42733,550008.2,2067.7,266,31,0.00000514,2016,0.567552357,46,466008.2,-34.61200393,-58.47975462,543,public WiFi location,CMB NÌâå¼ 13,11,0.002636698,-58.48417957,-34.61549731,0,sports federation,FederaciÌÄå_n Argentina de Deportes para personas con Discapacidad Mental,11,0.005220372,-58.46149103,-34.6437566,1,premetro station,INTENDENTE SAGUIER,0.034082159
201701,9020dab12f84f50136c3086ea496a8198fcd1623,42705,sell,house,CAPITAL FEDERAL,Argentina,Capital Federal,3433955,"-34.6095470565,-58.4791403661",-34.60954706,-34.60954706,-34.60954706,-58.47914037,-58.47914037,-58.47914037,730000,USD,11657005,730000,POINT (-58.47914037 -34.60954706),VILLA GRAL. MITRE,11,55459.06,11,7,71.2,5,86.1,3,25.8,3,14.7,7,26,2,59.1,5,84.9,3,7.3,8,-58.47965843,-34.60885947,pharmacy,0,0,11,0.000860911,11,-58.47914051,-34.60954415,42733,284991.1,1492.1,191,7,0.00000291,2016,0.323830529,28,-445008.9,-34.61200393,-58.47975462,543,public WiFi location,CMB NÌâå¼ 13,11,0.00253249,-58.4730282,-34.60627641,8,stadium,Diego Armando Maradona,11,0.006932225,-58.46149103,-34.6437566,1,premetro station,INTENDENTE SAGUIER,0.038494045
201611,47ae614e6959af015a7104b500e953bcba38de6b,42647,sell,house,SAN CRISTOBAL,Argentina,Capital Federal,3429153,"-34.6215972209,-58.3944289405",-34.62159722,-34.62159722,-34.62159722,-58.39442894,-58.39442894,-58.39442894,650000,USD,10379525,650000,POINT (-58.39442894 -34.62159722),SAN CRISTOBAL,3,29435.63,3,5,64.6,2,85.1,2,27.8,4,13.9,7,30.5,3,57.2,4,85.1,3,3.5,5,-58.39406416,-34.62271251,hospital,19,HOSPITAL DE OFTALMOLOGIA SANTA LUCIA,3,0.001173427,3,-58.39442831,-34.62159419,42733,325010,928.6,350,5,0.00000309,2016,0.341816629,86,-324990,-34.62261531,-58.39443429,310,public WiFi location,Htal. Santa LucÌÄå_a,3,0.001018101,-58.39330129,-34.62145968,0,sports federation,FederaciÌÄå_n Regional de Basquetbol de Capital Federal,3,0.001136011,-58.4466067,-34.66222495,4,premetro station,FERNANDEZ DE LA CRUZ,0.066129655
201607,3b3a6501ec3e3a71661c772170706f70706d09fc,42570,sell,apartment,SAN CRISTOBAL,Argentina,Capital Federal,3429153,"-34.622717,-58.410467",-34.622717,-34.622717,-34.622717,-58.410467,-58.410467,-58.410467,158000,USD,2523023,158000,POINT (-58.410467 -34.622717),SAN CRISTOBAL,3,32956,3,5,64.3,2,86.4,3,42.7,8,7.8,2,30.5,3,48.7,2,91.5,7,5,7,-58.40981576,-34.62487969,pharmacy,0,0,3,0.00225862,3,-58.41046991,-34.62271621,42733,309991.5,1589.7,195,5,0.00000301,2016,0.280390854,163,151991.5,-34.62470556,-58.41138541,20,public WiFi location,Centro Cultural JuliÌÄåÁn Centeya,3,0.002190404,-58.40857677,-34.62608528,7,sports center,MARTIN FIERRO,3,0.00386242,-58.45641458,-34.64860054,2,premetro station,BALBASTRO (CEMENTERIO DE FLORES),0.052736496
201707,a1138c9a6df70260fdaf6e131c2021c96fb6056c,42935,sell,house,NUNEZ,Argentina,Capital Federal,3430348,"-34.5435514113,-58.4769826705",-34.54355141,-34.54355141,-34.54355141,-58.47698267,-58.47698267,-58.47698267,290000,USD,5116905,290000,POINT (-58.47698267 -34.54355141),SAAVEDRA,12,55881.19,12,15,72.1,5,82.2,0,22.2,2,10.1,4,37.2,5,72.1,9,94.3,9,3.8,5,-58.47661688,-34.54416898,private health center,0,FUNDACIÃƒÂ“N HOSPITALARIA,12,0.000717774,12,-58.4769828,-34.54354919,42984,289995,1933.3,150,15,2.22543E-06,2017,0.247328908,49,-5,-34.54409658,-58.47735334,840,public WiFi location,"Parques y Plazas, Plaza BenjamÃƒÂ­n VicuÃƒÂ±a Mackenna",12,0.00065925,-58.48358555,-34.54641659,0,sports federation,FederaciÃƒÂ³n Argentina de Patinaje sobre Hielo,12,0.007197724,-58.46149103,-34.6437566,1,premetro station,INTENDENTE SAGUIER,0.101395613
201708,900f75655e77229a895f1876d7f59acd9e0b4e4c,42963,sell,store,BELGRANO,Argentina,Capital Federal,3436077,"-34.5439597912,-58.472158883",-34.54395979,-34.54395979,-34.54395979,-58.47215888,-58.47215888,-58.47215888,1500000,USD,26062500,1500000,POINT (-58.47215888 -34.54395979),SAAVEDRA,12,57357.25,12,15,68.9,4,86.4,3,32.7,6,8.2,2,42.3,6,51.3,3,84,2,3.4,5,-58.47119943,-34.54459431,pharmacy,0,0,13,0.001150288,12,-58.47215896,-34.54395756,42984,3599977.5,6857.1,525,15,2.22779E-06,2017,0.247661556,21,2099977.5,-34.54419983,-58.47187608,773,public WiFi location,"Metrobus Norte, EstaciÃƒÂ³n Correa",12,0.000370932,-58.46366917,-34.54197507,0,sports federation,FederaciÃƒÂ³n de Cestoball de Capital Federal,13,0.008718616,-58.46149103,-34.6437566,1,premetro station,INTENDENTE SAGUIER,0.100365361
201707,bb433096928c539c034cbfa70a9014a34568ac0a,42944,sell,apartment,NUNEZ,Argentina,Capital Federal,3430348,"-34.5474970262,-58.4695138944",-34.54749703,-34.54749703,-34.54749703,-58.46951389,-58.46951389,-58.46951389,155000,USD,2734897.5,155000,POINT (-58.46951389 -34.54749703),SAAVEDRA,12,40356.38,12,15,78.7,8,90,7,42.9,8,15,7,43.5,6,42.2,1,85,3,12.5,9,-58.46921782,-34.54797708,pharmacy,0,0,12,0.000564005,12,-58.46951395,-34.54749476,42984,2299978.8,4056.4,567,15,2.2685E-06,2017,0.252215339,40,2144978.8,-34.5475998,-58.46932882,777,public WiFi location,"Metrobus Norte, EstaciÃƒÂ³n Manzanares",12,0.000211692,-58.46366917,-34.54197507,0,sports federation,FederaciÃƒÂ³n de Cestoball de Capital Federal,13,0.008040696,-58.46149103,-34.6437566,1,premetro station,INTENDENTE SAGUIER,0.096593325
201707,1cdfaed03461846b0b2f860636793de6bf9cc1f2,42935,sell,apartment,BELGRANO,Argentina,Capital Federal,3436077,"-34.561956033,-58.4637123443",-34.56195603,-34.56195603,-34.56195603,-58.46371234,-58.46371234,-58.46371234,166000,USD,2928987,166000,POINT (-58.46371234 -34.56195603),BELGRANO,13,14143.5,13,1,74.8,6,88.9,6,23.6,2,8.9,3,53.4,8,67.8,8,91.3,7,3,4,-58.46264094,-34.5618012,pharmacy,0,0,13,0.001082531,13,-58.46371235,-34.56195362,42953,1399997.5,5090.9,275,1,2.41023E-06,2017,0.268004642,18,1233997.5,-34.56485277,-58.46181978,109,public WiFi location,JosÃƒÂ© MÃƒÂ¡rmol,13,0.003460182,-58.46386217,-34.5588536,0,sports federation,AsociaciÃƒÂ³n Metropolitana de Tenis Adaptado,13,0.003106042,-58.46149103,-34.6437566,1,premetro station,INTENDENTE SAGUIER,0.081830721
201707,67547cc158a48e267073241c2f72ed7730ce4d82,42935,sell,house,BELGRANO,Argentina,Capital Federal,3436077,"-34.5708943834,-58.4487311161",-34.57089438,-34.57089438,-34.57089438,-58.44873112,-58.44873112,-58.44873112,580000,USD,10233810,580000,POINT (-58.44873112 -34.57089438),COLEGIALES,13,25533.13,13,28,73.8,6,90.5,8,33,6,11.3,5,55.6,8,56.9,4,89.9,6,7.3,8,-58.44968504,-34.5691239,private health center,0,EXCELSITAS,13,0.002011114,13,-58.44873098,-34.57089188,42953,580001.4,4793.4,121,28,2.50576E-06,2017,0.27849206,18,1.4,-34.56886137,-58.44722838,839,public WiFi location,"Metrobus Norte, EstaciÃƒÂ³n Aguilar",13,0.002528114,-58.44145403,-34.57193188,0,sports federation,AsociaciÃƒÂ³n Metropolitana de Squash,13,0.007350681,-58.46149103,-34.6437566,1,premetro station,INTENDENTE SAGUIER,0.073971063
201707,7e1a8de18b27ed94a189e90499070dd45fb1987b,42935,sell,apartment,PALERMO,Argentina,Capital Federal,3430234,"-34.5728962231,-58.4333301992",-34.57289622,-34.57289622,-34.57289622,-58.4333302,-58.4333302,-58.4333302,235000,USD,4146457.5,235000,POINT (-58.4333302 -34.57289622),PALERMO,14,218170.4,14,0,79.5,8,90.7,8,36.1,7,8.6,3,58.8,8,57.7,4,93.8,9,7.6,8,-58.43264041,-34.57323124,pharmacy,0,0,14,0.000766846,14,-58.43332992,-34.5728937,42953,5000032.8,6613.8,756,0,2.53797E-06,2017,0.281671907,18,4765032.8,-34.5751712,-58.43500976,547,public WiFi location,Espacio Subte Digital Carranza - LÃƒÂ­nea D,14,0.002827795,-58.42656187,-34.57155377,19,stadium,"""La Catedral del Polo""",14,0.006900184,-58.46149103,-34.6437566,1,premetro station,INTENDENTE SAGUIER,0.07625107
201707,4aadaef81df49050213212a0a86239d2f9739d53,42935,sell,apartment,PALERMO,Argentina,Capital Federal,3430234,"-34.5759549272,-58.4391412124",-34.57595493,-34.57595493,-34.57595493,-58.43914121,-58.43914121,-58.43914121,125000,USD,2205562.5,125000,POINT (-58.43914121 -34.57595493),PALERMO,14,33435.88,14,0,78,7,91.5,9,32.6,6,10.6,5,56.8,8,55.1,4,87.7,4,4.6,6,-58.43957609,-34.57423861,pharmacy,0,0,14,0.001770556,14,-58.43914099,-34.57595237,42953,1199994.6,3647.4,329,0,2.56973E-06,2017,0.285404975,18,1074994.6,-34.57234369,-58.44025674,838,public WiFi location,"Metrobus Norte, EstaciÃƒÂ³n Matienzo",14,0.003779607,-58.44145403,-34.57193188,0,sports federation,AsociaciÃƒÂ³n Metropolitana de Squash,13,0.004640475,-58.46149103,-34.6437566,1,premetro station,INTENDENTE SAGUIER,0.071390341
201707,fb8ebc5d13ab872902a2b388e727dcb0749181bf,42935,sell,apartment,RECOLETA,Argentina,Capital Federal,3429595,"-34.5929980915,-58.4029202489",-34.59299809,-34.59299809,-34.59299809,-58.40292025,-58.40292025,-58.40292025,330000,USD,5822685,330000,POINT (-58.40292025 -34.59299809),RECOLETA,2,16690.88,2,44,78.7,8,87.9,5,28.4,4,5.8,0,64.8,9,55.3,4,83.7,2,2.7,3,-58.40200336,-34.59316322,pharmacy,0,0,2,0.000931644,2,-58.40291969,-34.59299536,42953,950000,5937.5,160,44,2.78779E-06,2017,0.307998365,18,620000,-34.59442632,-58.40239882,1084,public WiFi location,EstaciÃƒÂ³n PueyrredÃƒÂ³n  - LÃƒÂ­nea D,2,0.001520438,-58.39612707,-34.59016616,0,sports federation,UniÃƒÂ³n de Rugby Buenos Aires,2,0.007359828,-58.45641458,-34.64860054,2,premetro station,BALBASTRO (CEMENTERIO DE FLORES),0.077157476
201708,6517d45950d8e8f0bcb55d9f4cd6b36e09c12ac4,42935,sell,house,PATERNAL,Argentina,Capital Federal,3430087,"-34.6067227463,-58.4694086966",-34.60672275,-34.60672275,-34.60672275,-58.4694087,-58.4694087,-58.4694087,350000,USD,6081250,350000,POINT (-58.4694087 -34.60672275),VILLA GRAL. MITRE,11,78569.88,11,7,64.5,2,86.9,4,27.5,4,11.8,6,23.2,2,39.3,0,66.8,0,2.2,3,-58.47271448,-34.60467662,pharmacy,0,0,11,0.003887779,11,-58.46940875,-34.60671987,42953,349985.7,1202.7,291,7,2.87827E-06,2017,0.320031902,18,-14.3,-34.61051072,-58.46751591,866,public WiFi location,"Parques y Plazas, Plaza Dr. Roque Saenz PeÃƒÂ±a",11,0.004234547,-58.4730282,-34.60627641,8,stadium,Diego Armando Maradona,11,0.00364692,-58.46149103,-34.6437566,1,premetro station,INTENDENTE SAGUIER,0.03787077
201709,04500ef35861c319ed723892e73190402472f62f,42904,sell,apartment,BALVANERA,Argentina,Capital Federal,6693228,"-34.6136376,-58.4065467",-34.6136376,-34.6136376,-34.6136376,-58.4065467,-58.4065467,-58.4065467,85000,USD,1412870,85000,POINT (-58.40654670000001 -34.6136376),BALVANERA,3,25964,3,4,61.7,2,85.9,3,50.5,9,19.2,8,31.1,4,41.9,1,92.3,8,6.6,8,-58.40611979,-34.61263558,pharmacy,0,0,3,0.001089168,3,-58.4065541,-34.61361076,42922,1500030,1666.7,900,4,2.78437E-05,2017,3.060612254,18,1415030,-34.61524469,-58.40473774,624,public WiFi location,EstaciÃƒÂ³n Venezuela - LÃƒÂ­nea H,3,0.002419725,-58.40080143,-34.61822689,0,sports federation,AsociaciÃƒÂ³n Femenina Metropolitana de Basquet,3,0.007353211,-58.45641458,-34.64860054,2,premetro station,BALBASTRO (CEMENTERIO DE FLORES),0.060903308
201707,7a0466eafa22d2822a1be8a5898a35cdcf8bd9c4,42935,sell,house,FLORES,Argentina,Capital Federal,3433918,"-34.614560985,-58.4735669125",-34.61456099,-34.61456099,-34.61456099,-58.47356691,-58.47356691,-58.47356691,187000,USD,3299521.5,187000,POINT (-58.47356691 -34.61456099),VILLA GRAL. MITRE,11,61524.06,11,7,70.1,4,87.1,4,28,4,14.1,7,28.4,3,54.7,3,82.7,2,2.5,3,-58.47306853,-34.61473416,pharmacy,0,0,11,0.000527611,11,-58.47356701,-34.61455803,42953,187002.2,1214.3,154,7,2.96114E-06,2017,0.329206463,18,2.2,-34.61382388,-58.47225278,821,public WiFi location,"Metrobus Juan B. Justo, EstaciÃƒÂ³n Artigas",11,0.001506739,-58.4730282,-34.60627641,8,stadium,Diego Armando Maradona,11,0.008302079,-58.46149103,-34.6437566,1,premetro station,INTENDENTE SAGUIER,0.031594465
201707,66997e7c54df1e730778caa1ce0f0c7f89266807,42936,sell,apartment,CABALLITO,Argentina,Capital Federal,3435874,"-34.6160064717,-58.4460554986",-34.61600647,-34.61600647,-34.61600647,-58.4460555,-58.4460555,-58.4460555,100000,USD,1764450,100000,POINT (-58.44605550000001 -34.61600647),CABALLITO,6,53324.13,6,11,77.5,7,88,5,29.7,5,6.8,1,40.3,6,58.2,5,88,4,1.3,1,-58.44535699,-34.61743876,pharmacy,0,0,6,0.001593542,6,-58.44605534,-34.6160035,42953,950006.2,1238.6,767,11,2.97204E-06,2017,0.33032141,17,850006.2,-34.6150278,-58.44825617,1314,public WiFi location,Museo Luis Perlotti,6,0.002408473,-58.44768748,-34.61858404,9,stadium,Arquitecto Ricardo Etcheverri,6,0.003050776,-58.46149103,-34.6437566,1,premetro station,INTENDENTE SAGUIER,0.031754138
201707,07d21c3a8c2bad71dd955c943d9a2b2ecdecf246,42945,sell,apartment,MONSERRAT,Argentina,Capital Federal,3430570,"-34.6167664419,-58.388943463",-34.61676644,-34.61676644,-34.61676644,-58.38894346,-58.38894346,-58.38894346,57000,USD,1005736.5,57000,POINT (-58.38894346 -34.61676644),MONSERRAT,1,19619.13,1,36,69.5,4,85.7,3,32.3,6,9.9,4,32.4,4,55.2,4,87.4,4,2.1,2,-58.39049578,-34.61793867,pharmacy,0,0,1,0.001945206,1,-58.38894278,-34.61676346,42984,250000,1562.5,160,36,3.05273E-06,2017,0.336717103,39,193000,-34.61485823,-58.38805457,224,public WiFi location,Alfonsina Storni y MartÃƒÂ­n Del Barco Centenera,1,0.002105088,-58.38589991,-34.61298638,0,sports federation,AsociaciÃƒÂ³n Amateur de Hockey sobre Cesped de Buenos Aires (A.A.H.B.A),1,0.004853051,-58.4466067,-34.66222495,4,premetro station,FERNANDEZ DE LA CRUZ,0.073427008
201707,b896e5f273bfdaef5bf3987ca3d169801fc78afc,42935,sell,apartment,CONGRESO,Argentina,Capital Federal,3435259,"-34.6168219843,-58.3902358714",-34.61682198,-34.61682198,-34.61682198,-58.39023587,-58.39023587,-58.39023587,100000,USD,1764450,100000,POINT (-58.39023587 -34.61682198),MONSERRAT,1,17401.5,1,36,66,3,87.2,4,42.4,8,16.9,8,34.3,4,48.8,2,91.2,7,6.9,8,-58.39049578,-34.61793867,pharmacy,0,0,1,0.001146535,1,-58.3902352,-34.61681901,42984,620017.5,1717.5,361,36,3.04863E-06,2017,0.336340023,49,520017.5,-34.61485823,-58.38805457,224,public WiFi location,Alfonsina Storni y MartÃƒÂ­n Del Barco Centenera,1,0.00293503,-58.39330129,-34.62145968,0,sports federation,FederaciÃƒÂ³n Regional de Basquetbol de Capital Federal,3,0.005559227,-58.4466067,-34.66222495,4,premetro station,FERNANDEZ DE LA CRUZ,0.07238163
201707,62bcbee1fe1fafb4586c2c6c373292ccb2d2d09f,42935,sell,house,CABALLITO,Argentina,Capital Federal,3435874,"-34.6178645548,-58.4506122605",-34.61786455,-34.61786455,-34.61786455,-58.45061226,-58.45061226,-58.45061226,300000,USD,5293350,300000,POINT (-58.45061226 -34.61786455),CABALLITO,6,49407.88,6,11,77.2,7,90.2,8,25.6,3,9.8,4,37.3,5,59.4,5,85.1,3,5.2,7,-58.44535699,-34.61743876,pharmacy,0,0,6,0.005272491,6,-58.45061214,-34.61786157,42953,300006.4,2343.8,128,11,2.9859E-06,2017,0.331935558,18,6.4,-34.61773881,-58.45251888,124,public WiFi location,Museo Luis Perlotti,6,0.001910766,-58.44883528,-34.61852157,28,stadium,Hector Etchart,6,0.001894552,-58.46149103,-34.6437566,1,premetro station,INTENDENTE SAGUIER,0.028084619
201707,5f9c4e0040e7149504d808238188d8e3d8fe8538,42846,sell,apartment,SAN CRISTOBAL,Argentina,Capital Federal,3429153,"-34.6185692473,-58.4009373512",-34.61856925,-34.61856925,-34.61856925,-58.40093735,-58.40093735,-58.40093735,77000,USD,1358626.5,77000,POINT (-58.40093735 -34.61856925),BALVANERA,3,20914.38,3,4,66.5,3,82.9,1,39.5,8,14.3,7,30,3,51.5,3,91,7,3.9,5,-58.40129785,-34.61646748,pharmacy,0,0,3,0.002132464,3,-58.40093678,-34.61856625,42861,218999.5,1412.9,155,4,3.05289E-06,2017,0.337538147,15,141999.5,-34.62308842,-58.40232967,632,public WiFi location,EstaciÃƒÂ³n Humberto 1Ã‚Âº - LÃƒÂ­nea H,3,0.00472879,-58.40080143,-34.61822689,0,sports federation,AsociaciÃƒÂ³n Femenina Metropolitana de Basquet,3,0.000368357,-58.45641458,-34.64860054,2,premetro station,BALBASTRO (CEMENTERIO DE FLORES),0.063084084
201707,a8519c6657a6092fc308aefa97369fdb653f1ee8,42935,sell,apartment,FLORESTA,Argentina,Capital Federal,3433910,"-34.6192120767,-58.5046321763",-34.61921208,-34.61921208,-34.61921208,-58.50463218,-58.50463218,-58.50463218,104000,USD,1835028,104000,POINT (-58.50463218 -34.61921208),MONTE CASTRO,10,92871.69,10,33,68.4,3,86.6,4,23.3,2,5.5,0,25.7,2,67.7,8,91,7,4.3,6,-58.5066499,-34.62042904,pharmacy,0,0,10,0.002356307,10,-58.50463256,-34.61920907,42984,2399976.4,1623.8,1478,33,3.02927E-06,2017,0.335999877,49,2295976.4,-34.61849412,-58.50173329,348,public WiFi location,Htal. de RehabilitaciÃƒÂ³n M. Rocca,10,0.002986477,-58.49784493,-34.61652606,10,stadium,Estadio Islas Malvinas,10,0.007299416,-58.46149103,-34.6437566,1,premetro station,INTENDENTE SAGUIER,0.049634582
201802,7e00d0bd1f1b83af952afcdd13e3b3831676b8a3,43119,sell,apartment,SAN TELMO,Argentina,Capital Federal,3428113,"-34.6216948,-58.3713044",-34.6216948,-34.6216948,-34.6216948,-58.3713044,-58.3713044,-58.3713044,100888,USD,1980935.88,100888,POINT (-58.3713044 -34.6216948),SAN TELMO,1,52408.5,1,41,69.4,4,83.1,1,36.5,7,10.9,5,43.6,6,47.9,2,84.5,2,7.5,8,-58.37118968,-34.62167285,pharmacy,0,0,1,0.000116802,1,-58.37131185,-34.62167458,43151,289940,1526,190,41,2.15503E-05,2018,2.349564492,32,189052,-34.62189328,-58.37072283,1309,public WiFi location,Museo de Arte Moderno (MAMBA),1,0.000614505,-58.37255449,-34.62233459,0,sports federation,FederaciÃƒÂ³n Metropolitana de Gimnasia,1,0.001404306,-58.4466067,-34.66222495,4,premetro station,FERNANDEZ DE LA CRUZ,0.085516839
201707,8352c0170bb0541d5e842355f8ce595cf2d78379,42940,sell,apartment,FLORES,Argentina,Capital Federal,3433918,"-34.623443168,-58.455030181",-34.62344317,-34.62344317,-34.62344317,-58.45503018,-58.45503018,-58.45503018,109000,USD,1923250.5,109000,POINT (-58.45503018 -34.62344317),CABALLITO,6,324644.4,6,11,70.5,4,86.5,4,28.1,4,7.3,1,38.3,5,59.4,5,87.5,4,6.7,8,-58.45400916,-34.62543001,pharmacy,0,0,6,0.002233837,6,-58.4550301,-34.62344012,42953,520020,1070,486,11,3.04866E-06,2017,0.338962566,13,411020,-34.62358015,-58.4545835,856,public WiFi location,"Espacio PÃƒÂºblico, Patio de los Lecheros 1",7,0.000467213,-58.45723074,-34.61918718,0,sports federation,FederaciÃƒÂ³n Argentina de Futbol Silencioso,7,0.004791232,-58.46149103,-34.6437566,1,premetro station,INTENDENTE SAGUIER,0.021316143
201707,242a11d09ed1ac56a683fd28b1b8e7573026dcb3,42935,sell,apartment,FLORES,Argentina,Capital Federal,3433918,"-34.624706413,-58.4581744975",-34.62470641,-34.62470641,-34.62470641,-58.4581745,-58.4581745,-58.4581745,185000,USD,3264232.5,185000,POINT (-58.4581745 -34.62470641),FLORES,7,42205.38,7,19,71.8,5,85,2,19.3,1,10.3,4,41,6,67.2,7,86.5,3,5.8,7,-58.45638565,-34.6263627,pharmacy,0,0,7,0.002437885,7,-58.45817445,-34.62470335,42984,1000020.8,1760.6,568,19,3.05611E-06,2017,0.339808687,49,815020.8,-34.62666482,-58.45671254,1115,public WiFi location,EstaciÃƒÂ³n Carabobo - Linea A,7,0.002443908,-58.45723074,-34.61918718,0,sports federation,FederaciÃƒÂ³n Argentina de Futbol Silencioso,7,0.005599337,-58.46149103,-34.6437566,1,premetro station,INTENDENTE SAGUIER,0.019336727
201707,6606e9f23d3a793562fa86695865dce740e0ebda,42935,sell,apartment,FLORES,Argentina,Capital Federal,3433918,"-34.6273865137,-58.4665729994",-34.62738651,-34.62738651,-34.62738651,-58.466573,-58.466573,-58.466573,160000,USD,2823120,160000,POINT (-58.466573 -34.62738651),FLORES,7,44142.31,7,19,68.5,4,87.6,5,37.3,7,14.5,7,26.4,2,41.5,1,78.8,1,0,0,-58.46457219,-34.62767363,pharmacy,0,0,0,0.002021309,7,-58.46657303,-34.62738343,42984,899991.2,2064.2,436,19,3.08256E-06,2017,0.342759319,49,739991.2,-34.63015557,-58.46700219,1336,public WiFi location,Sede de Comuna 7 RC,7,0.00280212,-58.45723074,-34.61918718,0,sports federation,FederaciÃƒÂ³n Argentina de Futbol Silencioso,7,0.012430077,-58.46149103,-34.6437566,1,premetro station,INTENDENTE SAGUIER,0.017140774
201706,794c6c78256d0630884d4bfd3317b4f4c0d6ea40,42840,sell,PH,CABALLITO,Argentina,Capital Federal,3435874,"-34.628747725,-58.4395309694",-34.62874773,-34.62874773,-34.62874773,-58.43953097,-58.43953097,-58.43953097,260000,USD,4151810,260000,POINT (-58.43953097 -34.62874773),CABALLITO,6,34805.56,6,11,77.5,7,91.1,8,21.3,2,5.7,0,45.7,7,65.5,7,86.8,4,5,7,-58.43737539,-34.62836348,pharmacy,0,0,6,0.002189565,6,-58.43953075,-34.62874462,42892,597996,813.6,735,11,3.11285E-06,2017,0.345856248,52,337996,-34.63104204,-58.44217156,1067,public WiFi location,EstaciÃƒÂ³n Emilio Mitre - Linea E,7,0.003498083,-58.44474118,-34.63307452,2,sports center,CHACABUCO,7,0.006772544,-58.45641458,-34.64860054,2,premetro station,BALBASTRO (CEMENTERIO DE FLORES),0.026061283
201706,cfb6026107f5325a80cbef56a8c7449381d44105,42892,sell,house,CAPITAL FEDERAL,Argentina,Capital Federal,3433955,"-34.6310233432,-58.4973159324",-34.63102334,-34.63102334,-34.63102334,-58.49731593,-58.49731593,-58.49731593,310000,USD,4950235,310000,POINT (-58.49731593 -34.63102334),VELEZ SARSFIELD,10,61334.81,10,22,59.3,1,84.8,2,26.4,4,10.9,5,22.1,1,61.5,6,87.9,4,3.2,4,-58.50058308,-34.6325078,pharmacy,0,0,10,0.003588581,10,-58.49731625,-34.63102022,42900,360005.1,1318.7,273,22,3.13623E-06,2017,0.348162834,8,50005.1,-34.62953446,-58.49485242,828,public WiFi location,"Metrobus Juan B. Justo, EstaciÃƒÂ³n Av. Carrasco",10,0.002878479,-58.49115091,-34.62234749,10,sports center,POMAR,10,0.01064321,-58.46149103,-34.6437566,1,premetro station,INTENDENTE SAGUIER,0.038020507
201707,64bfb1af173944cc7758d32b215a8bd908df6981,42948,sell,apartment,BOCA,Argentina,Capital Federal,3436004,"-34.63185258,-58.3609733475",-34.63185258,-34.63185258,-34.63185258,-58.36097335,-58.36097335,-58.36097335,65000,USD,1146892.5,65000,POINT (-58.36097335 -34.63185258),BOCA,4,27574.75,4,24,63.6,2,84.6,2,35,7,11.4,5,16.4,1,55.7,4,90.7,7,2.8,4,-58.36057538,-34.63182511,pharmacy,0,0,4,0.000398917,4,-58.36097241,-34.63184945,42953,700005.6,1535.1,456,24,3.27207E-06,2017,0.358921108,5,635005.6,-34.62982608,-58.36027501,1,public WiFi location,DepÃƒÂ³sito Museo del Cine,4,0.002143449,-58.36584958,-34.63203122,21,stadium,Microestadio Luis Conde,4,0.004879504,-58.4466067,-34.66222495,4,premetro station,FERNANDEZ DE LA CRUZ,0.090860068
201707,cc02781f2efa6b2a90a7dea307f519fe46f50a66,42935,sell,apartment,FLORES,Argentina,Capital Federal,3433918,"-34.6321005344,-58.4643186791",-34.63210053,-34.63210053,-34.63210053,-58.46431868,-58.46431868,-58.46431868,83000,USD,1464493.5,83000,POINT (-58.46431868 -34.63210053),FLORES,7,35581.31,7,19,75,6,87.1,4,27,4,10.1,4,31,4,61.2,6,88.2,5,3.8,5,-58.46408562,-34.63083894,pharmacy,0,0,7,0.001282932,7,-58.46431869,-34.6320974,42984,448995,2022.5,222,19,3.13013E-06,2017,0.348054406,49,365995,-34.62908723,-58.46354051,33,public WiFi location,EstaciÃƒÂ³n San JosÃƒÂ© de Flores - LÃƒÂ­nea A,7,0.00311216,-58.46512011,-34.64121301,0,sports federation,FederaciÃƒÂ³n Metropolitana de Bowling,7,0.009147658,-58.46149103,-34.6437566,1,premetro station,INTENDENTE SAGUIER,0.011994143
201707,0621a0e08aa8aa4d987885c4c276a8e2b5547168,42935,sell,apartment,FLORES,Argentina,Capital Federal,3433918,"-34.632402659,-58.4611118146",-34.63240266,-34.63240266,-34.63240266,-58.46111181,-58.46111181,-58.46111181,230000,USD,4058235,230000,POINT (-58.46111181 -34.63240266),FLORES,7,22006.56,7,19,72.6,5,89.6,7,38.6,8,8.5,3,40.1,5,54.4,3,93.1,9,1.4,1,-58.46369778,-34.63080463,pharmacy,0,0,7,0.003039894,7,-58.46111179,-34.63239952,42984,900012,1257,716,19,3.13865E-06,2017,0.349000837,49,670012,-34.63595442,-58.46252398,299,public WiFi location,Ente de Higiene Urbana,7,0.003822204,-58.46512011,-34.64121301,0,sports federation,FederaciÃƒÂ³n Metropolitana de Bowling,7,0.009679299,-58.46149103,-34.6437566,1,premetro station,INTENDENTE SAGUIER,0.011360268
201707,478d27751140829a52589b5de239f680a29044e4,42935,sell,store,FLORES,Argentina,Capital Federal,3433918,"-34.6338012906,-58.4698683195",-34.63380129,-34.63380129,-34.63380129,-58.46986832,-58.46986832,-58.46986832,210000,USD,3705345,210000,POINT (-58.46986832 -34.63380129),FLORES,7,37379.38,7,19,72.3,5,88.2,6,28.5,4,9.9,4,32.2,4,56.5,4,84.9,3,6.9,8,-58.46781642,-34.63428214,pharmacy,0,0,7,0.002107494,7,-58.46986838,-34.63379814,42984,829989.2,2085.4,398,19,3.15188E-06,2017,0.350452646,49,619989.2,-34.63070709,-58.46963963,383,public WiFi location,EstaciÃƒÂ³n San Pedrito - LÃƒÂ­nea A,7,0.003102643,-58.46512011,-34.64121301,0,sports federation,FederaciÃƒÂ³n Metropolitana de Bowling,7,0.008802222,-58.46149103,-34.6437566,1,premetro station,INTENDENTE SAGUIER,0.013011036
201707,7411ab7a38f5a100463c575458e9d7c901341e1c,42935,sell,apartment,FLORES,Argentina,Capital Federal,3433918,"-34.6344296248,-58.4677656313",-34.63442962,-34.63442962,-34.63442962,-58.46776563,-58.46776563,-58.46776563,114000,USD,2011473,114000,POINT (-58.46776563 -34.63442962),FLORES,7,34726.94,7,19,63.4,2,84.7,2,46.4,9,15.5,7,32.9,4,46.2,1,92.6,8,9.6,9,-58.46781642,-34.63428214,pharmacy,0,0,7,0.000155977,7,-58.46776567,-34.63442647,42984,197999.2,2020.4,98,19,3.15383E-06,2017,0.350678882,49,83999.2,-34.6306214,-58.4688638,1138,public WiFi location,EstaciÃƒÂ³n San Pedrito  - Linea A,7,0.003963398,-58.46512011,-34.64121301,0,sports federation,FederaciÃƒÂ³n Metropolitana de Bowling,7,0.007281016,-58.46149103,-34.6437566,1,premetro station,INTENDENTE SAGUIER,0.011241132
201707,ba4e9b338906510f72cc40364df2154309803c84,42935,sell,store,PARQUE PATRICIOS,Argentina,Capital Federal,3430114,"-34.6382168331,-58.4115015014",-34.63821683,-34.63821683,-34.63821683,-58.4115015,-58.4115015,-58.4115015,450000,USD,7940025,450000,POINT (-58.4115015 -34.63821683),NUEVA POMPEYA,4,82120.63,4,46,64.3,2,83.7,1,24.1,3,9.4,4,21.1,1,67.1,7,91.2,7,6.2,8,-58.41172123,-34.63873025,pharmacy,0,0,4,0.000558465,4,-58.41150103,-34.63821364,42953,500000,2500,200,46,3.22953E-06,2017,0.357850175,18,50000,-34.63815906,-58.4116258,398,public WiFi location,Distrito TecnolÃƒÂ³gico Caseros y Almafuerte,5,0.000137065,-58.40889406,-34.6390977,9,sports center,PATRICIOS,4,0.002752216,-58.4466067,-34.66222495,4,premetro station,FERNANDEZ DE LA CRUZ,0.042529578
201705,2e32e5140d1a4bda39dc25db31562cfee916c88b,42865,sell,PH,LINIERS,Argentina,Capital Federal,3431333,"-34.6458392739,-58.5173238449",-34.64583927,-34.64583927,-34.64583927,-58.51732384,-58.51732384,-58.51732384,147000,USD,2347369.5,147000,POINT (-58.51732384 -34.64583927),LINIERS,9,68494.81,9,21,66,3,85.4,2,23.9,3,12.3,6,17.5,1,63.4,6,87.4,4,0.9,1,-58.51658831,-34.64499427,pharmacy,0,0,9,0.001120279,9,-58.51732434,-34.645836,42899,210000,560,375,21,3.30997E-06,2017,0.366681939,34,63000,-34.64636591,-58.52096473,1304,public WiFi location,Biblioteca HernÃƒÂ¡ndez,9,0.003678783,-58.51315335,-34.64619445,11,sports center,SANTOJANNI,9,0.004185583,-58.46149103,-34.6437566,1,premetro station,INTENDENTE SAGUIER,0.055871636
201707,eb9661ca57b9b79314ed643004b0e5d5e6ff47fc,42935,sell,house,VILLA LUGANO,Argentina,Capital Federal,3427408,"-34.6590402284,-58.4901479137",-34.65904023,-34.65904023,-34.65904023,-58.49014791,-58.49014791,-58.49014791,420000,USD,7410690,420000,POINT (-58.49014791 -34.65904023),MATADEROS,9,105144.4,9,18,47.8,0,82.9,1,24.9,3,20.5,8,13.3,0,58.7,5,83.6,2,4.4,6,-58.48792324,-34.66325474,pharmacy,0,0,8,0.004765631,9,-58.49014816,-34.65903682,42984,630000,1575,400,18,3.42122E-06,2017,0.380090679,49,210000,-34.6658771,-58.48497016,651,public WiFi location,CMB NÃ‚Âº 28,8,0.008576238,-58.49604473,-34.66743508,6,sports center,DORREGO,9,0.010258946,-58.46692344,-34.68088292,14,premetro station,ANA DÃƒÂAZ,0.031882273
201707,28410439010869b8bcac5f6f1049d437cedd5c0f,42935,sell,house,MATADEROS,Argentina,Capital Federal,3430787,"-34.660317756,-58.5063610797",-34.66031776,-34.66031776,-34.66031776,-58.50636108,-58.50636108,-58.50636108,370000,USD,6528465,370000,POINT (-58.50636108 -34.66031776),MATADEROS,9,230185.4,9,18,61.2,1,84.8,2,26.4,4,15.6,7,14,1,64.4,7,90.8,7,1.8,2,-58.50463176,-34.65915805,pharmacy,0,0,9,0.002082177,9,-58.50636148,-34.66031433,42984,129996.8,1015.6,128,18,3.45042E-06,2017,0.382850364,49,-240003.2,-34.65969071,-58.50509012,1338,public WiFi location,Sede de Comuna 9,9,0.001417226,-58.50143778,-34.66022353,2,skate park,Plaza Alberdi,9,0.004924202,-58.46692344,-34.68088292,14,premetro station,ANA DÃƒÂAZ,0.044477562